,Names,Prices,Stars,Numbers of guests,Numbers of bedroom,Numbers of beds,Number of Reviews,Rate of reviews
0,Tiny home in Maadi as Sarayat Al Gharbeyah,$112 ,5.0 (21),2 guests  ,  1 bedroom  ,  1 bed  ,-21,5
1,Villa in Hurghada,$202 ,New,6 guests  ,  3 bedrooms  ,  4 beds  ,New,New
2,Loft in Maadi as Sarayat Al Gharbeyah,$44 ,5.0 (10),1 guest  ,  1 bedroom  ,  1 bed  ,-10,5
3,Home in Hurghada,$575 ,5.0 (4),8 guests  ,  4 bedrooms  ,  6 beds  ,-4,5
4,Private room in Maadi as Sarayat Al Gharbeyah,$32 ,4.69 (13),2 guests  ,  1 bedroom  ,  1 bed  ,-13,4.6
5,Apartment in Hurghada 2,$48 ,New,2 guests  ,  1 bedroom  ,  1 bed  ,New,New
6,Villa in Ù‚Ø³Ù… Ø§Ù„ØºØ±Ø¯Ù‚Ø©,$240 ,4.6 (10),6 guests  ,  3 bedrooms  ,  5 beds  ,-10,4.6
7,Loft in Maadi as Sarayat Al Gharbeyah,$228 ,New,5 guests  ,  4 bedrooms  ,  4 beds  ,New,New
8,Villa in Hurghada,$161 ,5.0 (6),6 guests  ,  2 bedrooms  ,  4 beds  ,-6,5
9,Apartment in Dahab,$88 ,5.0 (97),5 guests  ,  2 bedrooms  ,  2 beds  ,-97,5
10,Condo in Hurghada,$88 ,4.96 (25),5 guests  ,  2 bedrooms  ,  3 beds  ,-25,4.9
11,Condo in Dahab,$81 ,4.78 (103),4 guests  ,  1 bedroom  ,  4 beds  ,103),4.7
12,Apartment in Second Hurghada,$66 ,5.0 (27),3 guests  ,  1 bedroom  ,  1 bed  ,-27,5
13,Apartment in Al Mandarah Bahri,$103 ,4.97 (30),7 guests  ,  3 bedrooms  ,  4 beds  ,-30,4.9
14,Apartment in Hurghada,$66 ,4.94 (52),4 guests  ,  1 bedroom  ,  1 bed  ,-52,4.9
15,Apartment in El Gouna,$87 ,4.99 (93),4 guests  ,  1 bedroom  ,  2 beds  ,-93,4.9
16,Apartment in Hurghada,$160 ,5.0 (42),6 guests  ,  2 bedrooms  ,  3 beds  ,-42,5
17,Villa in Hurghada,$141 ,5.0 (15),14 guests  ,  5 bedrooms  ,  8 beds  ,-15,5
18,Apartment in Second Hurghada,$111 ,4.92 (61),6 guests  ,  2 bedrooms  ,  2 beds  ,-61,4.9
19,Apartment in Al Mazar,$63 ,4.6 (25),4 guests  ,  1 bedroom  ,  3 beds  ,-25,4.6
20,Apartment in Dahab Qesm Saint Katrin,$81 ,4.96 (26),3 guests  ,  1 bedroom  ,  1 bed  ,-26,4.9
21,Apartment in Al Mesallah Sharq,$46 ,4.75 (55),5 guests  ,  2 bedrooms  ,  4 beds  ,-55,4.7
22,Dome in Luxor,$84 ,4.9 (118),12 guests  ,  5 bedrooms  ,  7 beds  ,118),4.9
23,Apartment in Hurghada,$77 ,4.73 (45),3 guests  ,  1 bedroom  ,  2 beds  ,-45,4.7
24,Apartment in Luxor Governorate,$43 ,4.96 (216),4 guests  ,  2 bedrooms  ,  3 beds  ,216),4.9
25,Home in Hurghada,$138 ,4.5 (215),6 guests  ,  3 bedrooms  ,  3 beds  ,215),4.5
26,Apartment in Maadi as Sarayat Al Gharbeyah,$74 ,4.6 (45),2 guests  ,  1 bedroom  ,  1 bed  ,-45,4.6
27,Villa in Hurghada,$191 ,4.92 (60),8 guests  ,  3 bedrooms  ,  5 beds  ,-60,4.9
28,Villa in Qesm Hurghada,$220 ,4.84 (45),6 guests  ,  3 bedrooms  ,  6 beds  ,-45,4.8
29,Apartment in El Gouna,$102 ,4.87 (85),4 guests  ,  1 bedroom  ,  2 beds  ,-85,4.8
30,Apartment in South Sinai Governorate,$63 ,4.76 (58),6 guests  ,  2 bedrooms  ,  4 beds  ,-58,4.7
31,Apartment in First Hurghada,$41 ,4.85 (20),3 guests  ,  1 bedroom  ,  2 beds  ,-20,4.8
32,Private room in Cairo Governorate,$30 ,5.0 (63),2 guests  ,  1 bedroom  ,  2 beds  ,-63,5
33,Home in Hurghada,$327 ,4.9 (49),6 guests  ,  3 bedrooms  ,  5 beds  ,-49,4.9
34,Apartment in Qesm Sharm Ash Sheikh,$52 ,4.94 (33),5 guests  ,  2 bedrooms  ,  6 beds  ,-33,4.9
35,Apartment in Qesm Saint Katrin,$75 ,4.77 (75),4 guests  ,  1 bedroom  ,  2 beds  ,-75,4.7
36,Home in Dahab,$95 ,4.91 (75),2 guests  ,  1 bedroom  ,  1 bed  ,-75,4.9
37,Apartment in Qesm Sharm Ash Sheikh,$35 ,4.93 (55),3 guests  ,  1 bedroom  ,  1 bed  ,-55,4.9
38,Tiny home in El-Montaza,$62 ,4.91 (74),3 guests  ,  1 bedroom  ,  1 bed  ,-74,4.9
39,"Townhouse in Qesm Hurghada, ",$70 ,4.82 (66),6 guests  ,  2 bedrooms  ,  4 beds  ,-66,4.8
40,Tiny home in El-Montaza,$62 ,4.91 (74),3 guests  ,  1 bedroom  ,  1 bed  ,-74,4.9
41,"Townhouse in Qesm Hurghada, ",$70 ,4.82 (66),6 guests  ,  2 bedrooms  ,  4 beds  ,-66,4.8
42,Apartment in Hurghada,$180 ,4.97 (106),4 guests  ,  1 bedroom  ,  3 beds  ,106),4.9
43,Apartment in Dahab,$67 ,4.97 (95),3 guests  ,  1 bedroom  ,  1 bed  ,-95,4.9
44,Apartment in Hurghada,$49 ,4.95 (39),3 guests  ,  1 bedroom  ,  2 beds  ,-39,4.9
45,Vacation home in Hurghada,$28 ,New,3 guests  ,  Studio  ,  1 bed  ,New,New
46,Apartment in Dahab,$67 ,4.98 (110),3 guests  ,  1 bedroom  ,  1 bed  ,110),4.9
47,Home in Dahab,$40 ,4.96 (51),3 guests  ,  1 bedroom  ,  1 bed  ,-51,4.9
48,Townhouse in Ikingi Maryut,$52 ,4.96 (47),5 guests  ,  3 bedrooms  ,  3 beds  ,-47,4.9
49,Apartment in Ø§Ù„ØºØ±Ø¯Ù‚Ø©,$42 ,4.5 (8),2 guests  ,  Studio  ,  1 bed  ,-8,4.5
50,Apartment in Luxor,$31 ,4.89 (112),4 guests  ,  2 bedrooms  ,  3 beds  ,112),4.8
51,Apartment in Qesm Sharm Ash Sheikh,$22 ,4.67 (61),2 guests  ,  Studio  ,  1 bed  ,-61,4.6
52,Home in Fayoum,$94 ,4.99 (106),4 guests  ,  2 bedrooms  ,  4 beds  ,106),4.9
53,Home in Hurghada,$295 ,4.9 (39),6 guests  ,  4 bedrooms  ,  4 beds  ,-39,4.9
54,Townhouse in First 6th of October,$154 ,4.78 (9),6 guests  ,  3 bedrooms  ,  3 beds  ,-9,4.7
55,Apartment in New Cairo City,$47 ,4.71 (42),2 guests  ,  1 bedroom  ,  1 bed  ,-42,4.7
56,Apartment in Hurghada,$14 ,4.73 (30),2 guests  ,  Studio  ,  2 beds  ,-30,4.7
57,Private room in Maadi ,$35 ,4.96 (183),2 guests  ,  1 bedroom  ,  1 bed  ,183),4.9
58,Apartment in EG,$16 ,4.86 (36),2 guests  ,  Studio  ,  1 bed  ,-36,4.8
59,Apartment in Hurghada,$33 ,4.83 (29),4 guests  ,  1 bedroom  ,  4 beds  ,-29,4.8
60,Apartment in Alexandria,$132 ,4.76 (17),6 guests  ,  3 bedrooms  ,  4 beds  ,-17,4.7
61,Private room in Dahab,$26 ,5.0 (13),2 guests  ,  1 bedroom  ,  2 beds  ,-13,5
62,Private room in Nuweibaa,$23 ,4.5 (3),16 guests  ,  10 bedrooms  ,  10 beds  ,-3,4.5
63,Hotel room in EG,$62 ,New,2 guests  ,  1 bedroom  ,  1 bed  ,New,New
64,Condo in Cairo Governorate,$83 ,4.39 (23),2 guests  ,  1 bedroom  ,  1 bed  ,-23,4.3
65,Apartment in Hurghada,$100 ,4.91 (11),4 guests  ,  1 bedroom  ,  1 bed  ,-11,4.9
66,Apartment in Cairo Governorate,$160 ,New,4 guests  ,  2 bedrooms  ,  3 beds  ,New,New
67,Condo in Hurghada,$127 ,5.0 (5),5 guests  ,  2 bedrooms  ,  3 beds  ,-5,5
68,Condo in Hurghada,$33 ,5.0 (3),2 guests  ,  1 bedroom  ,  2 beds  ,-3,5
69,Condo in Red Sea Governorate,$85 ,5.0 (3),3 guests  ,  1 bedroom  ,  2 beds  ,-3,5
70,Condo in Ù‚Ø³Ù… Ø³Ø§Ù†Øª ÙƒØ§ØªØ±ÙŠÙ†,$36 ,4.82 (28),4 guests  ,  2 bedrooms  ,  3 beds  ,-28,4.8
71,Condo in Ù‚Ø³Ù… Ø³Ø§Ù†Øª ÙƒØ§ØªØ±ÙŠÙ†,$48 ,4.86 (37),2 guests  ,  1 bedroom  ,  1 bed  ,-37,4.8
72,Condo in Hurghada 2,$57 ,5.0 (3),2 guests  ,  1 bedroom  ,  2 beds  ,-3,5
73,Apartment in Hurghada,$132 ,New,4 guests  ,  2 bedrooms  ,  3 beds  ,New,New
74,Hotel room in Qasr Ad Dobarah,$328 ,New,2 guests  ,  1 bedroom  ,  1 bed  ,New,New
75,Apartment in Hurghada,$27 ,New,2 guests  ,  Studio  ,  2 beds  ,New,New
76,Apartment in Hurghada,$59 ,New,5 guests  ,  2 bedrooms  ,  3 beds  ,New,New
77,Condo in Sidi Gabir,$128 ,New,6 guests  ,  3 bedrooms  ,  1 bed  ,New,New
78,Apartment in Sidi Beshr Bahri,$31 ,4.8 (30),6 guests  ,  2 bedrooms  ,  6 beds  ,-30,4.8
79,Villa in Al Mansouria,$106 ,New,7 guests  ,  3 bedrooms  ,  4 beds  ,New,New
80,Apartment in Al Mandarah Bahri,$71 ,New,5 guests  ,  3 bedrooms  ,  4 beds  ,New,New
81,Apartment in Ù‚Ø³Ù… Ø«Ø§Ù† Ø§Ù„ØºØ±Ø¯Ù‚Ø©,$137 ,New,4 guests  ,  1 bedroom  ,  2 beds  ,New,New
82,Villa in ADH Dheraa Al Bahri,$219 ,New,16 guests  ,  5 bedrooms  ,  7 beds  ,New,New
83,Apartment in DOWNTOWN,$133 ,4.98 (178),6 guests  ,  2 bedrooms  ,  2 beds  ,178),4.9
84,Apartment in Zamalek,$40 ,4.51 (98),2 guests  ,  1 bedroom  ,  1 bed  ,-98,4.5
85,Apartment in Hurghada,$34 ,New,2 guests  ,  1 bedroom  ,  1 bed  ,New,New
86,Home in Dahab,$103 ,4.94 (77),4 guests  ,  2 bedrooms  ,  2 beds  ,-77,4.9
87,Vacation home in Ù…Ø±ÙƒØ² Ø§Ù„Ø¹Ù„Ù…ÙŠÙ†,$60 ,New,4 guests  ,  1 bedroom  ,  2 beds  ,New,New
88,Apartment in Red Sea Governorate,$91 ,5.0 (5),5 guests  ,  2 bedrooms  ,  3 beds  ,-5,5
89,Apartment in Qesm Sharm Ash Sheikh,$47 ,5.0 (6),4 guests  ,  1 bedroom  ,  3 beds  ,-6,5
90,Private room in South Sinai Governorate,$11 ,New,10 guests  ,  15 bedrooms  ,  29 beds  ,New,New
91,Condo in Al Alameen City,$106 ,New,4 guests  ,  2 bedrooms  ,  1 bed  ,New,New
92,Villa in Hurghada,$422 ,New,10 guests  ,  5 bedrooms  ,  7 beds  ,New,New
93,Vacation home in Hurghada,$60 ,New,2 guests  ,  1 bedroom  ,  1 bed  ,New,New
94,Apartment in Ø§Ù„Ù‚Ø±Ù‰ Ø§Ù„Ø³ÙŠØ§Ø­ÙŠØ©,$18 ,New,2 guests  ,  1 bedroom  ,  1 bed  ,New,New
95,Vacation home in Erban Atekah and Al Manayef,$86 ,New,4 guests  ,  2 bedrooms  ,  1 bed  ,New,New
96,Apartment in Naama Bay,$36 ,4.8 (10),2 guests  ,  1 bedroom  ,  1 bed  ,-10,4.8
97,Apartment in Hurghada,$31 ,4.89 (9),3 guests  ,  1 bedroom  ,  3 beds  ,-9,4.8
98,Apartment in Hurghada,$35 ,5.0 (3),2 guests  ,  Studio  ,  1 bath,-3,5
99,Vacation home in Hurghada 2,$101 ,5.0 (10),4 guests  ,  1 bedroom  ,  2 beds  ,-10,5
100,Apartment in Hurghada,$35 ,5.0 (3),2 guests  ,  Studio  ,  1 bath,-3,5
101,Vacation home in Sharm El-Sheikh,$36 ,New,3 guests  ,  Studio  ,  1 bed  ,New,New
102,Apartment in Hurghada,$28 ,New,4 guests  ,  1 bedroom  ,  2 beds  ,New,New
103,Apartment in Hurghada,$64 ,New,4 guests  ,  1 bedroom  ,  1 bed  ,New,New
104,Vacation home in Port Said,$115 ,New,5 guests  ,  2 bedrooms  ,  5 beds  ,New,New
105,Apartment in Port Said,$114 ,New,5 guests  ,  3 bedrooms  ,  5 beds  ,New,New
106,Hotel room in Hurghada,$37 ,New,4 guests  ,  1 bedroom  ,  3 beds  ,New,New
107,Apartment in Hurghada 1,$68 ,New,4 guests  ,  2 bedrooms  ,  2 beds  ,New,New
108,Private room in Sharm El-Sheikh,$43 ,New,3 guests  ,  1 bedroom  ,  2 beds  ,New,New
109,Condo in Qesm Sharm Ash Sheikh,$87 ,New,4 guests  ,  2 bedrooms  ,  3 beds  ,New,New
110,Townhouse in Erban Atekah and Al Manayef,$121 ,New,6 guests  ,  3 bedrooms  ,  6 beds  ,New,New
111,Apartment in Mohammed Mazhar,$182 ,4.95 (20),4 guests  ,  2 bedrooms  ,  2 beds  ,-20,4.9
112,Apartment in Abu Al Feda,$40 ,4.6 (35),3 guests  ,  Studio  ,  1 bed  ,-35,4.6
113,Apartment in Mohammed Mazhar,$158 ,4.97 (32),4 guests  ,  2 bedrooms  ,  2 beds  ,-32,4.9
114,Apartment in South Investors Area,$60 ,4.67 (3),3 guests  ,  1 bedroom  ,  2 beds  ,-3,4.6
115,Apartment in Abu Al Feda,$101 ,4.95 (41),3 guests  ,  2 bedrooms  ,  2 beds  ,-41,4.9
116,Apartment in Marouf,$46 ,4.88 (16),2 guests  ,  1 bedroom  ,  1 bed  ,-16,4.8
117,Apartment in Ad Doqi A,$97 ,4.8 (66),3 guests  ,  Studio  ,  2 beds  ,-66,4.8
118,Apartment in Abu Al Feda,$149 ,4.86 (22),4 guests  ,  2 bedrooms  ,  2 beds  ,-22,4.8
119,Private room in Al Eini,$35 ,4.92 (234),2 guests  ,  1 bedroom  ,  1 bed  ,234),4.9
120,Apartment in Al Agouzah,$52 ,4.96 (115),2 guests  ,  1 bedroom  ,  1 bed  ,115),4.9
121,Apartment in Ad Doqi A,$43 ,4.59 (34),2 guests  ,  Studio  ,  1 bed  ,-34,4.5
122,Villa in El Shorouk,$24 ,New,4 guests  ,  1 bedroom  ,  1 bed  ,New,New
123,Condo in Sidi Gabir,$137 ,New,6 guests  ,  3 bedrooms  ,  4 beds  ,New,New
124,Hotel room in Zamalek,$40 ,4.43 (116),3 guests  ,  1 bedroom  ,  2 beds  ,116),4.4
125,Vacation home in Alexandria Governorate,$76 ,New,6 guests  ,  3 bedrooms  ,  5 beds  ,New,New
126,Apartment in Ø´Ø±Ù… Ø§Ù„Ø´ÙŠØ®,$40 ,New,2 guests  ,  1 bedroom  ,  1 bed  ,New,New
127,Apartment in Marouf,$46 ,4.76 (25),2 guests  ,  1 bedroom  ,  1 bed  ,-25,4.7
128,Apartment in EG,$71 ,4.62 (84),6 guests  ,  3 bedrooms  ,  4 beds  ,-84,4.6
129,"Villa in El Gouna,Hurghada",$130 ,4.98 (81),5 guests  ,  2 bedrooms  ,  2 beds  ,-81,4.9
130,Apartment in Hurghada 2,$15 ,4.69 (13),2 guests  ,  1 bedroom  ,  1 bed  ,-13,4.6
131,Apartment in Abu Al Feda,$46 ,4.68 (56),3 guests  ,  Studio  ,  2 beds  ,-56,4.6
132,Hotel room in Nazlet El-Semman,$72 ,4.57 (99),4 guests  ,  1 bedroom  ,  2 beds  ,-99,4.5
133,Apartment in Ù‚Ø³Ù… Ø³Ø§Ù†Øª ÙƒØ§ØªØ±ÙŠÙ†,$82 ,5.0 (21),2 guests  ,  Studio  ,  1 bath,-21,5
134,Hotel room in Zamalek,$45 ,4.39 (80),2 guests  ,  1 bedroom  ,  1 bed  ,-80,4.3
135,Casa particular in Cairo Governorate,$15 ,New,2 guests  ,  1 bedroom  ,  1 bed  ,New,New
136,Condo in Ø´Ø±Ù… Ø§Ù„Ø´ÙŠØ®,$47 ,New,3 guests  ,  1 bedroom  ,  1 bed  ,New,New
137,Villa in Sheikh Zayed City,$144 ,New,9 guests  ,  5 bedrooms  ,  8 beds  ,New,New
138,Hotel room in Marouf,$62 ,5.0 (4),2 guests  ,  1 bedroom  ,  2 beds  ,-4,5
139,Apartment in Al Agouzah,$63 ,4.99 (92),4 guests  ,  2 bedrooms  ,  2 beds  ,-92,4.9
140,Apartment in Abu Al Feda,$149 ,4.86 (22),4 guests  ,  2 bedrooms  ,  2 beds  ,-22,4.8
141,Private room in Al Eini,$35 ,4.92 (234),2 guests  ,  1 bedroom  ,  1 bed  ,234),4.9
142,Apartment in Al Agouzah,$52 ,4.96 (115),2 guests  ,  1 bedroom  ,  1 bed  ,115),4.9
143,Apartment in Ad Doqi A,$43 ,4.59 (34),2 guests  ,  Studio  ,  1 bed  ,-34,4.5
144,Villa in El Shorouk,$24 ,New,4 guests  ,  1 bedroom  ,  1 bed  ,New,New
145,Condo in Sidi Gabir,$137 ,New,6 guests  ,  3 bedrooms  ,  4 beds  ,New,New
146,Hotel room in Zamalek,$40 ,4.43 (116),3 guests  ,  1 bedroom  ,  2 beds  ,116),4.4
147,Apartment in El-Nozha,$32 ,4.75 (8),4 guests  ,  2 bedrooms  ,  1 bed  ,-8,4.7
148,Vacation home in Alexandria Governorate,$76 ,New,6 guests  ,  3 bedrooms  ,  5 beds  ,New,New
149,Apartment in Ø´Ø±Ù… Ø§Ù„Ø´ÙŠØ®,$40 ,New,2 guests  ,  1 bedroom  ,  1 bed  ,New,New
150,Apartment in Marouf,$46 ,4.76 (25),2 guests  ,  1 bedroom  ,  1 bed  ,-25,4.7
151,Apartment in EG,$71 ,4.62 (84),6 guests  ,  3 bedrooms  ,  4 beds  ,-84,4.6
152,"Villa in El Gouna,Hurghada",$130 ,4.98 (81),5 guests  ,  2 bedrooms  ,  2 beds  ,-81,4.9
153,Apartment in Hurghada 2,$15 ,4.69 (13),2 guests  ,  1 bedroom  ,  1 bed  ,-13,4.6
154,Apartment in Abu Al Feda,$46 ,4.68 (56),3 guests  ,  Studio  ,  2 beds  ,-56,4.6
155,Hotel room in Nazlet El-Semman,$72 ,4.57 (99),4 guests  ,  1 bedroom  ,  2 beds  ,-99,4.5
156,Apartment in Ù‚Ø³Ù… Ø³Ø§Ù†Øª ÙƒØ§ØªØ±ÙŠÙ†,$82 ,5.0 (21),2 guests  ,  Studio  ,  1 bath,-21,5
157,Hotel room in Zamalek,$45 ,4.39 (80),2 guests  ,  1 bedroom  ,  1 bed  ,-80,4.3
158,Casa particular in Cairo Governorate,$15 ,New,2 guests  ,  1 bedroom  ,  1 bed  ,New,New
159,Condo in Ø´Ø±Ù… Ø§Ù„Ø´ÙŠØ®,$47 ,New,3 guests  ,  1 bedroom  ,  1 bed  ,New,New
160,Condo in Ø´Ø±Ù… Ø§Ù„Ø´ÙŠØ®,$47 ,New,3 guests  ,  1 bedroom  ,  1 bed  ,New,New
161,Villa in Sheikh Zayed City,$144 ,New,9 guests  ,  5 bedrooms  ,  8 beds  ,New,New
162,Hotel room in Marouf,$62 ,5.0 (4),2 guests  ,  1 bedroom  ,  2 beds  ,-4,5
163,Apartment in Al Agouzah,$63 ,4.99 (92),4 guests  ,  2 bedrooms  ,  2 beds  ,-92,4.9
164,Apartment in Madinaty,$65 ,5.0 (5),4 guests  ,  1 bedroom  ,  3 beds  ,-5,5
165,Apartment in Ad Doqi A,$41 ,4.7 (76),2 guests  ,  Studio  ,  1 bed  ,-76,4.7
166,Apartment in Qesm Sharm Ash Sheikh,$80 ,New,2 guests  ,  1 bedroom  ,  1 bed  ,New,New
167,Apartment in Dahab,$86 ,4.7 (136),5 guests  ,  2 bedrooms  ,  4 beds  ,136),4.7
168,Condo in El Shorouk City,$40 ,5.0 (20),2 guests  ,  1 bedroom  ,  1 bed  ,-20,5
169,Apartment in Abu Al Feda,$46 ,4.89 (27),2 guests  ,  Studio  ,  1 bath,-27,4.8
170,Apartment in First New Cairo,$147 ,5.0 (23),10 guests  ,  4 bedrooms  ,  5 beds  ,-23,5
171,Private room in Abu Al Feda,$28 ,New,2 guests  ,  1 bedroom  ,  2 beds  ,New,New
172,Apartment in Cairo,$65 ,4.82 (113),4 guests  ,  2 bedrooms  ,  3 beds  ,113),4.8
173,Apartment in Marouf,$57 ,4.66 (32),3 guests  ,  1 bedroom  ,  2 beds  ,-32,4.6
174,Private room in Maadi as Sarayat Al Gharbeyah,$16 ,4.75 (20),2 guests  ,  1 bedroom  ,  1 bed  ,-20,4.7
175,Apartment in Ad Doqi A,$42 ,4.86 (29),3 guests  ,  Studio  ,  2 beds  ,-29,4.8
176,Condo in Al Manteqah Al Oula,$55 ,4.95 (43),2 guests  ,  Studio  ,  2 beds  ,-43,4.9
177,Apartment in Second New Cairo,$239 ,4.22 (9),10 guests  ,  5 bedrooms  ,  6 beds  ,-9,4.2
178,Condo in Marouf,$41 ,4.63 (8),4 guests  ,  2 bedrooms  ,  3 beds  ,-8,4.6
179,Apartment in New Cairo ,$81 ,4.94 (77),6 guests  ,  3 bedrooms  ,  4 beds  ,-77,4.9
180,Apartment in El Alamein,$274 ,New,6 guests  ,  3 bedrooms  ,  3.5 baths,New,New
181,Apartment in Ad Doqi A,$101 ,4.87 (30),3 guests  ,  Studio  ,  3 beds  ,-30,4.8
182,Hotel room in Marouf,$62 ,New,4 guests  ,  1 bedroom  ,  2 beds  ,New,New
183,Condo in New Cairo 1,$20 ,New,2 guests  ,  1 bedroom  ,  2 beds  ,New,New
184,Apartment in Ø§Ù„Ù…Ø·Ø§Ø±,$17 ,5.0 (7),3 guests  ,  1 bedroom  ,  1 bed  ,-7,5
185,Hotel room in Zamalek,$40 ,4.59 (82),3 guests  ,  1 bedroom  ,  2 beds  ,-82,4.5
186,Apartment in New Cairo 1,$99 ,4.69 (16),4 guests  ,  2 bedrooms  ,  3 beds  ,-16,4.6
187,Private room in Al Rehab,$11 ,New,1 guest  ,  2 bedrooms  ,  1 bed  ,New,New
188,Apartment in Zamalek,$57 ,4.42 (83),5 guests  ,  2 bedrooms  ,  3 beds  ,-83,4.4
189,Loft in First New Cairo,$44 ,5.0 (5),4 guests  ,  1 bedroom  ,  2 beds  ,-5,5
190,Apartment in Boulaq,$50 ,4.77 (101),3 guests  ,  1 bedroom  ,  2 beds  ,101),4.7
191,Apartment in New Cairo 1,$141 ,4.17 (6),4 guests  ,  2 bedrooms  ,  3 beds  ,-6,4.1
192,Apartment in Abu Al Feda,$97 ,4.92 (24),5 guests  ,  2 bedrooms  ,  2 beds  ,-24,4.9
193,Apartment in Hurghada,$38 ,4.74 (23),2 guests  ,  Studio  ,  2 beds  ,-23,4.7
194,Apartment in Ø§ÙˆÙ„ Ø§Ù„Ù‚Ø§Ù‡Ø±Ø© Ø§Ù„Ø¬Ø¯ÙŠØ¯Ø©,$148 ,4.62 (21),4 guests  ,  2 bedrooms  ,  3 beds  ,-21,4.6
195,Apartment in Maadi Al Khabiri Ash Sharqeyah,$54 ,New,4 guests  ,  1 bedroom  ,  1 bed  ,New,New
196,Vacation home in New Cairo 1,$47 ,5.0 (9),4 guests  ,  2 bedrooms  ,  3 beds  ,-9,5
197,Vacation home in Dahab,$79 ,4.86 (21),5 guests  ,  2 bedrooms  ,  2 beds  ,-21,4.8
198,Apartment in Ø«Ø§Ù†Ù‰ Ø§Ù„Ù‚Ø§Ù‡Ø±Ø© Ø§Ù„Ø¬Ø¯ÙŠØ¯Ø©,$60 ,4.87 (23),4 guests  ,  2 bedrooms  ,  3 beds  ,-23,4.8
199,Apartment in Abu Al Feda,$170 ,5.0 (3),6 guests  ,  3 bedrooms  ,  3 beds  ,-3,5
200,Condo in Cairo ,$193 ,4.98 (103),6 guests  ,  3 bedrooms  ,  4 beds  ,103),4.9
201,Condo in Giza,$45 ,4.84 (172),2 guests  ,  1 bedroom  ,  2 beds  ,172),4.8
202,Apartment in Dahab,$35 ,4.87 (76),3 guests  ,  1 bedroom  ,  2 beds  ,-76,4.8
203,Apartment in Ad Doqi A,$65 ,4.67 (129),2 guests  ,  Studio  ,  1 bed  ,129),4.6
204,Apartment in Dahab,$57 ,5.0 (54),2 guests  ,  1 bedroom  ,  1 bed  ,-54,5
205,Private room in Ad Doqi A,$18 ,4.91 (203),2 guests  ,  1 bedroom  ,  1 bed  ,203),4.9
206,Private room in Marouf,$17 ,4.79 (39),2 guests  ,  1 bedroom  ,  2 beds  ,-39,4.7
207,Loft in Ghait Al Enab Sharq,$11 ,New,5 guests  ,  2 bedrooms  ,  5 beds  ,New,New
208,Private room in Downtown,$29 ,4.95 (20),3 guests  ,  1 bedroom  ,  2 beds  ,-20,4.9
209,Apartment in Al Matar,$56 ,4.86 (137),4 guests  ,  2 bedrooms  ,  6 beds  ,137),4.8
210,Hotel room in Zamalek,$46 ,4.46 (71),3 guests  ,  1 bedroom  ,  1 bed  ,-71,4.4
211,Apartment in Maadi ,$43 ,4.26 (69),8 guests  ,  2 bedrooms  ,  3 beds  ,-69,4.2
212,Private room in El Alamein,$13 ,New,5 guests  ,  2 bedrooms  ,  1 bed  ,New,New
213,Place to stay in Ù‚Ø³Ù… Ø³Ø§Ù†Øª ÙƒØ§ØªØ±ÙŠÙ†,$48 ,4.91 (32),4 guests  ,  2 bedrooms  ,  2 beds  ,-32,4.9
214,Chalet in Dahab,$34 ,4.41 (39),2 guests  ,  1 bedroom  ,  1 bed  ,-39,4.4
215,Apartment in New Cairo 1,$132 ,4.83 (6),4 guests  ,  2 bedrooms  ,  3 beds  ,-6,4.8
216,Apartment in Abu Al Feda,$122 ,4.97 (33),6 guests  ,  2 bedrooms  ,  3 beds  ,-33,4.9
217,Condo in Maadi as Sarayat Al Gharbeyah,$57 ,4.86 (21),2 guests  ,  1 bedroom  ,  2 beds  ,-21,4.8
218,Apartment in Maadi as Sarayat Al Gharbeyah,$53 ,4.5 (14),5 guests  ,  2 bedrooms  ,  2 beds  ,-14,4.5
219,Home in Dahab,$29 ,New,2 guests  ,  1 bedroom  ,  1 bed  ,New,New
220,Apartment in Abu Al Feda,$52 ,4.53 (66),3 guests  ,  1 bedroom  ,  2 beds  ,-66,4.5
221,Apartment in New cairo,$95 ,4.9 (29),3 guests  ,  2 bedrooms  ,  2 beds  ,-29,4.9
222,Apartment in Ø§Ù„Ø¹ØµÙ„Ø©,$36 ,4.96 (28),3 guests  ,  1 bedroom  ,  1 bed  ,-28,4.9
223,Apartment in Dahab,$39 ,5.0 (19),3 guests  ,  1 bedroom  ,  2 beds  ,-19,5
224,Apartment in Abu Al Feda,$46 ,4.92 (25),3 guests  ,  Studio  ,  1 bed  ,-25,4.9
225,Apartment in Zamalek ,$123 ,4.86 (168),4 guests  ,  1 bedroom  ,  2 beds  ,168),4.8
226,Apartment in Red Sea Governorate,$80 ,5.0 (5),5 guests  ,  2 bedrooms  ,  2 beds  ,-5,5
227,Apartment in Qesm Sharm Ash Sheikh,$23 ,New,3 guests  ,  1 bedroom  ,  1 bed  ,New,New
228,Condo in EG,$147 ,New,8 guests  ,  3 bedrooms  ,  5 beds  ,New,New
229,Apartment in El-Zawya El-Hamraa,$40 ,New,2 guests  ,  1 bedroom  ,  1 bed  ,New,New
230,Apartment in As Soyouf Bahri,$53 ,New,6 guests  ,  3 bedrooms  ,  6 beds  ,New,New
231,Apartment in Cairo Governorate,$47 ,4.87 (47),4 guests  ,  2 bedrooms  ,  6 beds  ,-47,4.8
232,Vacation home in New Cairo City,$70 ,5.0 (15),7 guests  ,  3 bedrooms  ,  4 beds  ,-15,5
233,Condo in Cairo,$53 ,5.0 (5),2 guests  ,  1 bedroom  ,  2 beds  ,-5,5
234,Apartment in Hurghada,$46 ,5.0 (8),2 guests  ,  1 bedroom  ,  1 bed  ,-8,5
235,Place to stay in Dahab,$63 ,4.9 (20),3 guests  ,  2 beds  ,  1 bath,-20,4.9
236,Hotel room in Nazlet El-Semman,$72 ,4.42 (43),4 guests  ,  1 bedroom  ,  1 bed  ,-43,4.4
237,Condo in Dahab,$99 ,5.0 (23),7 guests  ,  3 bedrooms  ,  5 beds  ,-23,5
238,Apartment in Hurghada 1,$35 ,New,2 guests  ,  1 bedroom  ,  1 bed  ,New,New
239,Apartment in Ad Doqi A,$59 ,4.77 (22),4 guests  ,  Studio  ,  3 beds  ,-22,4.7
240,Apartment in Ad Doqi A,$59 ,4.77 (22),4 guests  ,  Studio  ,  3 beds  ,-22,4.7
241,Apartment in Al Agouzah,$40 ,5.0 (4),4 guests  ,  2 bedrooms  ,  2 beds  ,-4,5
242,Apartment in Abu Al Feda,$43 ,4.6 (184),4 guests  ,  1 bedroom  ,  1 bed  ,184),4.6
243,Apartment in Madinaty,$50 ,4.83 (6),4 guests  ,  2 bedrooms  ,  3 beds  ,-6,4.8
244,Apartment in Abu Al Feda,$46 ,4.38 (48),3 guests  ,  1 bedroom  ,  1 bed  ,-48,4.3
245,Apartment in First Hurghada,$36 ,4.89 (45),4 guests  ,  1 bedroom  ,  3 beds  ,-45,4.8
246,Condo in Second New Cairo,$128 ,4.89 (28),4 guests  ,  1 bedroom  ,  2 beds  ,-28,4.8
247,Vacation home in ØŒØ§Ù„Ø¹Ù„Ù…ÙŠÙ†,$479 ,New,8 guests  ,  4 bedrooms  ,  7 beds  ,New,New
248,Private room in Maadi as Sarayat Al Gharbeyah,$21 ,New,1 guest  ,  3 bedrooms  ,  1 bed  ,New,New
249,Apartment in Second New Cairo,$42 ,4.69 (32),6 guests  ,  3 bedrooms  ,  4 beds  ,-32,4.6
250,Apartment in Ù‚Ø³Ù… Ø³Ø§Ù†Øª ÙƒØ§ØªØ±ÙŠÙ†,$38 ,4.93 (15),4 guests  ,  2 bedrooms  ,  3 beds  ,-15,4.9
251,Apartment in New Cairo 1,$166 ,4.9 (21),4 guests  ,  2 bedrooms  ,  3 beds  ,-21,4.9
252,Private room in Al Ganzouri,$11 ,New,1 guest  ,  1 bedroom  ,  1 bed  ,New,New
253,Apartment in First New Cairo,$166 ,4.7 (30),6 guests  ,  3 bedrooms  ,  4 beds  ,-30,4.7
254,Apartment in New Cairo 1,$132 ,New,4 guests  ,  2 bedrooms  ,  3 beds  ,New,New
255,Apartment in Cairo Governorate,$65 ,4.92 (13),2 guests  ,  2 bedrooms  ,  2 beds  ,-13,4.9
256,Apartment in Marouf,$42 ,4.63 (16),4 guests  ,  2 bedrooms  ,  1 bed  ,-16,4.6
257,Condo in Sharm El Sheikh,$213 ,4.98 (58),5 guests  ,  2 bedrooms  ,  4 beds  ,-58,4.9
258,Apartment in Hurghada 1,$37 ,4.43 (7),2 guests  ,  1 bedroom  ,  1 bed  ,-7,4.4
259,Condo in Second New Cairo,$44 ,New,4 guests  ,  2 bedrooms  ,  1 bed  ,New,New
260,Private room in As Soyouf Bahri,$9 ,New,1 guest  ,  1 bedroom  ,  2 beds  ,New,New
261,Private room in El-Nozha,$20 ,4.87 (46),2 guests  ,  1 bedroom  ,  2 beds  ,-46,4.8
262,Apartment in Cairo Governorate,$34 ,4.78 (61),4 guests  ,  2 bedrooms  ,  3 beds  ,-61,4.7
263,Apartment in Al Gazirah Al Gadidah,$69 ,4.9 (10),4 guests  ,  2 bedrooms  ,  3 beds  ,-10,4.9
264,Chalet in Dahab,$30 ,4.64 (14),3 guests  ,  Studio  ,  2 beds  ,-14,4.6
265,Apartment in Maadi as Sarayat Al Gharbeyah,$41 ,4.94 (16),2 guests  ,  1 bedroom  ,  1 bed  ,-16,4.9
266,Apartment in Ø§Ù„Ù‚Ø§Ù‡Ø±Ø© Ø§Ù„Ø¬Ø¯ÙŠØ¯Ø©,$31 ,New,5 guests  ,  2 bedrooms  ,  2 beds  ,New,New
267,Vacation home in Kafr Tohormos,$12 ,New,4 guests  ,  3 bedrooms  ,  1 bed  ,New,New
268,Apartment in Al Hay Al Asher,$40 ,New,2 guests  ,  1 bedroom  ,  1 bed  ,New,New
269,Loft in Port al-Basal,$41 ,New,3 guests  ,  1 bedroom  ,  1 bed  ,New,New
270,Apartment in New Cairo City,$62 ,New,2 guests  ,  1 bedroom  ,  1 bed  ,New,New
271,Private room in El Alamein,$69 ,New,3 guests  ,  1 bedroom  ,  1 bed  ,New,New
272,Home in Red Sea Governorate,$168 ,New,7 guests  ,  3 bedrooms  ,  4 beds  ,New,New
273,Apartment in New Cairo City,$102 ,New,9 guests  ,  3 bedrooms  ,  3 beds  ,New,New
274,Condo in Qesm Hurghada,$93 ,4.96 (51),6 guests  ,  3 bedrooms  ,  5 beds  ,-51,4.9
275,Condo in New Cairo City,$55 ,4.79 (14),6 guests  ,  3 bedrooms  ,  3 beds  ,-14,4.7
276,Apartment in New Cairo,$135 ,4.67 (21),4 guests  ,  2 bedrooms  ,  3 beds  ,-21,4.6
277,Apartment in Dahab,$35 ,4.93 (43),3 guests  ,  1 bedroom  ,  1 bed  ,-43,4.9
278,Apartment in Al Abageyah,$20 ,5.0 (10),4 guests  ,  2 bedrooms  ,  2 beds  ,-10,5
279,Private room in Ad Doqi A,$17 ,4.89 (76),2 guests  ,  1 bedroom  ,  1 bed  ,-76,4.8
280,Apartment in Maadi as Sarayat Al Gharbeyah,$70 ,New,5 guests  ,  2 bedrooms  ,  3 beds  ,New,New
281,Condo in Al Matar,$95 ,4.74 (38),8 guests  ,  3 bedrooms  ,  4 beds  ,-38,4.7
282,Vacation home in Dahab,$46 ,New,5 guests  ,  2 bedrooms  ,  2 beds  ,New,New
283,Private room in Sidi Beshr Bahri,$30 ,New,2 guests  ,  2 bedrooms  ,  2 beds  ,New,New
284,Apartment in El Alamein,$685 ,New,3 guests  ,  1 bedroom  ,  1 bed  ,New,New
285,Chalet in Qesm Marina,$342 ,New,6 guests  ,  3 bedrooms  ,  7 beds  ,New,New
286,Apartment in New Cairo,$77 ,4.98 (50),6 guests  ,  3 bedrooms  ,  4 beds  ,-50,4.9
287,Apartment in Ad Doqi A,$36 ,4.84 (43),3 guests  ,  2 bedrooms  ,  3 beds  ,-43,4.8
288,Chalet in Dahab,$38 ,4.92 (39),3 guests  ,  1 bedroom  ,  2 beds  ,-39,4.9
289,Apartment in Ù…Ø¹Ø§Ø¯ÙŠ Ø§Ù„Ø³Ø±Ø§ÙŠØ§Øª Ø§Ù„ØºØ±Ø¨ÙŠØ©,$55 ,4.92 (24),3 guests  ,  1 bedroom  ,  2 beds  ,-24,4.9
290,Apartment in Village,$34 ,5.0 (19),2 guests  ,  1 bedroom  ,  1 bed  ,-19,5
291,Apartment in Maadi as Sarayat Al Gharbeyah,$71 ,4.88 (113),4 guests  ,  2 bedrooms  ,  2 beds  ,113),4.8
292,Apartment in Hurghada,$20 ,4.9 (21),3 guests  ,  1 bedroom  ,  1 bed  ,-21,4.9
293,Apartment in Dahab,$34 ,4.77 (140),4 guests  ,  1 bedroom  ,  3 beds  ,140),4.7
294,Home in South Sinai Governorate,$46 ,4.82 (17),7 guests  ,  3 bedrooms  ,  6 beds  ,-17,4.8
295,Apartment in El-Bostan,$74 ,4.7 (27),4 guests  ,  2 bedrooms  ,  3 beds  ,-27,4.7
296,Townhouse in Al Sheikh Zayed,$55 ,4.83 (60),4 guests  ,  2 bedrooms  ,  3 beds  ,-60,4.8
297,Apartment in Maadi as Sarayat Al Gharbeyah,$92 ,4.67 (3),6 guests  ,  3 bedrooms  ,  3 beds  ,-3,4.6
298,Condo in Zamalek,$75 ,4.59 (56),6 guests  ,  3 bedrooms  ,  5 beds  ,-56,4.5
299,Apartment in Maadi as Sarayat Al Gharbeyah,$57 ,New,2 guests  ,  1 bedroom  ,  2 beds  ,New,New
300,Apartment in Ad Doqi A,$36 ,4.84 (43),3 guests  ,  2 bedrooms  ,  3 beds  ,-43,4.8
301,Chalet in Dahab,$38 ,4.92 (39),3 guests  ,  1 bedroom  ,  2 beds  ,-39,4.9
302,Apartment in Ù…Ø¹Ø§Ø¯ÙŠ Ø§Ù„Ø³Ø±Ø§ÙŠØ§Øª Ø§Ù„ØºØ±Ø¨ÙŠØ©,$55 ,4.92 (24),3 guests  ,  1 bedroom  ,  2 beds  ,-24,4.9
303,Apartment in Village,$34 ,5.0 (19),2 guests  ,  1 bedroom  ,  1 bed  ,-19,5
304,Apartment in Maadi as Sarayat Al Gharbeyah,$71 ,4.88 (113),4 guests  ,  2 bedrooms  ,  2 beds  ,113),4.8
305,Apartment in Hurghada,$20 ,4.9 (21),3 guests  ,  1 bedroom  ,  1 bed  ,-21,4.9
306,Apartment in Dahab,$34 ,4.77 (140),4 guests  ,  1 bedroom  ,  3 beds  ,140),4.7
307,Home in South Sinai Governorate,$46 ,4.82 (17),7 guests  ,  3 bedrooms  ,  6 beds  ,-17,4.8
308,Apartment in El-Bostan,$74 ,4.7 (27),4 guests  ,  2 bedrooms  ,  3 beds  ,-27,4.7
309,Townhouse in Al Sheikh Zayed,$55 ,4.83 (60),4 guests  ,  2 bedrooms  ,  3 beds  ,-60,4.8
310,Apartment in Maadi as Sarayat Al Gharbeyah,$92 ,4.67 (3),6 guests  ,  3 bedrooms  ,  3 beds  ,-3,4.6
311,Condo in Zamalek,$75 ,4.59 (56),6 guests  ,  3 bedrooms  ,  5 beds  ,-56,4.5
312,Apartment in Maadi as Sarayat Al Gharbeyah,$57 ,New,2 guests  ,  1 bedroom  ,  2 beds  ,New,New
313,Private room in Ad Doqi A,$18 ,4.9 (29),2 guests  ,  1 bedroom  ,  1 bed  ,-29,4.9
314,Condo in Sheraton Al Matar,"$2,282 ",New,4 guests  ,  1 bedroom  ,  1 bed  ,New,New
315,Condo in Maadi as Sarayat Al Gharbeyah,$68 ,New,4 guests  ,  3 bedrooms  ,  3 beds  ,New,New
316,Apartment in Al Manteqah Ath Thamenah,$46 ,4.7 (44),5 guests  ,  3 bedrooms  ,  5 beds  ,-44,4.7
317,Apartment in Dahab,$40 ,4.83 (120),4 guests  ,  Studio  ,  3 beds  ,120),4.8
318,Apartment in Cairo Governorate,$41 ,4.84 (108),2 guests  ,  1 bedroom  ,  1 bed  ,108),4.8
319,Loft in Dahab,$63 ,4.38 (13),3 guests  ,  1 bedroom  ,  2 beds  ,-13,4.3
320,Apartment in Al Maadi,$83 ,4.69 (48),3 guests  ,  1 bedroom  ,  1 bed  ,-48,4.6
321,Private room in First New Cairo,$29 ,4.88 (8),1 guest  ,  1 bedroom  ,  1 bed  ,-8,4.8
322,Apartment in Dahab,$32 ,4.88 (60),3 guests  ,  1 bedroom  ,  2 beds  ,-60,4.8
323,Apartment in New,$109 ,New,4 guests  ,  3 bedrooms  ,  3 beds  ,New,New
324,Apartment in Hurghada,$36 ,4.9 (39),4 guests  ,  1 bedroom  ,  3 beds  ,-39,4.9
325,Apartment in New Maadi ,$131 ,5.0 (16),4 guests  ,  3 bedrooms  ,  3 beds  ,-16,5
326,Private room in Cairo - Zamalek,$41 ,4.78 (91),2 guests  ,  1 bedroom  ,  3 beds  ,-91,4.7
327,Apartment in Maadi as Sarayat Al Gharbeyah,$57 ,4.83 (110),2 guests  ,  1 bedroom  ,  1 bed  ,110),4.8
328,Apartment in Sheikh Zayed City,$98 ,4.93 (14),5 guests  ,  2 bedrooms  ,  4 beds  ,-14,4.9
329,Apartment in Nasr City,$22 ,4.2 (6),4 guests  ,  2 bedrooms  ,  4 beds  ,-6,4.2
330,Private room in Al Matar,$29 ,New,2 guests  ,  1 bedroom  ,  1 bed  ,New,New
331,Apartment in Ù…Ø±Ø³Ù‰ Ù…Ø·Ø±ÙˆØ­ØŒ,$272 ,New,3 guests  ,  1 bedroom  ,  1 bed  ,New,New
332,Condo in Ù…Ø³Ø§ÙƒÙ† Ø§Ù„Ù…Ù‡Ù†Ø¯Ø³ÙŠÙ†,$46 ,New,4 guests  ,  2 bedrooms  ,  4 beds  ,New,New
333,Private room in Ad Doqi A,$18 ,4.93 (46),2 guests  ,  1 bedroom  ,  1 bed  ,-46,4.9
334,Apartment in Ard el golf,$80 ,4.89 (54),7 guests  ,  2 bedrooms  ,  4 beds  ,-54,4.8
335,Apartment in Dahab,$28 ,New,3 guests  ,  2 bedrooms  ,  2 beds  ,New,New
336,Apartment in Mohandessin,$67 ,4.88 (48),3 guests  ,  2 bedrooms  ,  2 beds  ,-48,4.8
337,Apartment in Sheikh Zayed,$104 ,4.9 (31),8 guests  ,  4 bedrooms  ,  4 beds  ,-31,4.9
338,Apartment in Sheikh Zayed City,$63 ,5.0 (4),4 guests  ,  1 bedroom  ,  4 beds  ,-4,5
339,Apartment in South Sinai Governorate,$34 ,4.73 (15),4 guests  ,  2 bedrooms  ,  3 beds  ,-15,4.7
340,Condo in San Stefano,$77 ,New,4 guests  ,  2 bedrooms  ,  3 beds  ,New,New
341,Apartment in Ù‚Ø³Ù… Ø³Ø§Ù†Øª ÙƒØ§ØªØ±ÙŠÙ†,$29 ,New,2 guests  ,  1 bedroom  ,  1 bed  ,New,New
342,Apartment in Al Maadi,$83 ,4.69 (48),3 guests  ,  1 bedroom  ,  1 bed  ,-48,4.6
343,Private room in First New Cairo,$29 ,4.88 (8),1 guest  ,  1 bedroom  ,  1 bed  ,-8,4.8
344,Apartment in Dahab,$32 ,4.88 (60),3 guests  ,  1 bedroom  ,  2 beds  ,-60,4.8
345,Home in Dahab,$57 ,5.0 (17),4 guests  ,  2 bedrooms  ,  2 beds  ,-17,5
346,Apartment in New,$109 ,New,4 guests  ,  3 bedrooms  ,  3 beds  ,New,New
347,Apartment in Hurghada,$36 ,4.9 (39),4 guests  ,  1 bedroom  ,  3 beds  ,-39,4.9
348,Apartment in New Maadi ,$131 ,5.0 (16),4 guests  ,  3 bedrooms  ,  3 beds  ,-16,5
349,Private room in Cairo - Zamalek,$41 ,4.78 (91),2 guests  ,  1 bedroom  ,  3 beds  ,-91,4.7
350,Apartment in Maadi as Sarayat Al Gharbeyah,$57 ,4.83 (110),2 guests  ,  1 bedroom  ,  1 bed  ,110),4.8
351,Apartment in Sheikh Zayed City,$98 ,4.93 (14),5 guests  ,  2 bedrooms  ,  4 beds  ,-14,4.9
352,Apartment in Cairo,$97 ,4.84 (37),4 guests  ,  2 bedrooms  ,  2 beds  ,-37,4.8
353,Private room in Al Matar,$29 ,New,2 guests  ,  1 bedroom  ,  1 bed  ,New,New
354,Apartment in Ù…Ø±Ø³Ù‰ Ù…Ø·Ø±ÙˆØ­ØŒ,$272 ,New,3 guests  ,  1 bedroom  ,  1 bed  ,New,New
355,Condo in Ù…Ø³Ø§ÙƒÙ† Ø§Ù„Ù…Ù‡Ù†Ø¯Ø³ÙŠÙ†,$46 ,New,4 guests  ,  2 bedrooms  ,  4 beds  ,New,New
356,Private room in Ad Doqi A,$18 ,4.93 (46),2 guests  ,  1 bedroom  ,  1 bed  ,-46,4.9
357,Apartment in Dahab,$28 ,New,3 guests  ,  2 bedrooms  ,  2 beds  ,New,New
358,Apartment in Mohandessin,$67 ,4.88 (48),3 guests  ,  2 bedrooms  ,  2 beds  ,-48,4.8
359,Apartment in Sheikh Zayed,$104 ,4.9 (31),8 guests  ,  4 bedrooms  ,  4 beds  ,-31,4.9
360,Apartment in Ad Doqi A,$36 ,4.84 (43),3 guests  ,  2 bedrooms  ,  3 beds  ,-43,4.8
361,Chalet in Dahab,$38 ,4.92 (39),3 guests  ,  1 bedroom  ,  2 beds  ,-39,4.9
362,Apartment in Ù…Ø¹Ø§Ø¯ÙŠ Ø§Ù„Ø³Ø±Ø§ÙŠØ§Øª Ø§Ù„ØºØ±Ø¨ÙŠØ©,$55 ,4.92 (24),3 guests  ,  1 bedroom  ,  2 beds  ,-24,4.9
363,Apartment in Village,$34 ,5.0 (19),2 guests  ,  1 bedroom  ,  1 bed  ,-19,5
364,Apartment in Maadi as Sarayat Al Gharbeyah,$71 ,4.88 (113),4 guests  ,  2 bedrooms  ,  2 beds  ,113),4.8
365,Apartment in Hurghada,$20 ,4.9 (21),3 guests  ,  1 bedroom  ,  1 bed  ,-21,4.9
366,Apartment in Dahab,$34 ,4.77 (140),4 guests  ,  1 bedroom  ,  3 beds  ,140),4.7
367,Home in South Sinai Governorate,$46 ,4.82 (17),7 guests  ,  3 bedrooms  ,  6 beds  ,-17,4.8
368,Apartment in El-Bostan,$74 ,4.7 (27),4 guests  ,  2 bedrooms  ,  3 beds  ,-27,4.7
369,Townhouse in Al Sheikh Zayed,$55 ,4.83 (60),4 guests  ,  2 bedrooms  ,  3 beds  ,-60,4.8
370,Apartment in Maadi as Sarayat Al Gharbeyah,$92 ,4.67 (3),6 guests  ,  3 bedrooms  ,  3 beds  ,-3,4.6
371,Condo in Zamalek,$75 ,4.59 (56),6 guests  ,  3 bedrooms  ,  5 beds  ,-56,4.5
372,Apartment in Maadi as Sarayat Al Gharbeyah,$57 ,New,2 guests  ,  1 bedroom  ,  2 beds  ,New,New
373,Private room in Ad Doqi A,$18 ,4.9 (29),2 guests  ,  1 bedroom  ,  1 bed  ,-29,4.9
374,Condo in Sheraton Al Matar,"$2,282 ",New,4 guests  ,  1 bedroom  ,  1 bed  ,New,New
375,Condo in Maadi as Sarayat Al Gharbeyah,$68 ,New,4 guests  ,  3 bedrooms  ,  3 beds  ,New,New
376,Apartment in Al Manteqah Ath Thamenah,$46 ,4.7 (44),5 guests  ,  3 bedrooms  ,  5 beds  ,-44,4.7
377,Apartment in Dahab,$40 ,4.83 (120),4 guests  ,  Studio  ,  3 beds  ,120),4.8
378,Apartment in Cairo Governorate,$41 ,4.84 (108),2 guests  ,  1 bedroom  ,  1 bed  ,108),4.8
379,Loft in Dahab,$63 ,4.38 (13),3 guests  ,  1 bedroom  ,  2 beds  ,-13,4.3
380,Apartment in Dahab,$35 ,New,4 guests  ,  1 bedroom  ,  2 beds  ,New,New
381,Condo in San Stefano,$77 ,New,4 guests  ,  2 bedrooms  ,  3 beds  ,New,New
382,Apartment in Ù‚Ø³Ù… Ø³Ø§Ù†Øª ÙƒØ§ØªØ±ÙŠÙ†,$29 ,New,2 guests  ,  1 bedroom  ,  1 bed  ,New,New
383,Apartment in Al Maadi,$83 ,4.69 (48),3 guests  ,  1 bedroom  ,  1 bed  ,-48,4.6
384,Private room in First New Cairo,$29 ,4.88 (8),1 guest  ,  1 bedroom  ,  1 bed  ,-8,4.8
385,Apartment in Dahab,$32 ,4.88 (60),3 guests  ,  1 bedroom  ,  2 beds  ,-60,4.8
386,Home in Dahab,$57 ,5.0 (17),4 guests  ,  2 bedrooms  ,  2 beds  ,-17,5
387,Apartment in New,$109 ,New,4 guests  ,  3 bedrooms  ,  3 beds  ,New,New
388,Apartment in Hurghada,$36 ,4.9 (39),4 guests  ,  1 bedroom  ,  3 beds  ,-39,4.9
389,Apartment in New Maadi ,$131 ,5.0 (16),4 guests  ,  3 bedrooms  ,  3 beds  ,-16,5
390,Private room in Cairo - Zamalek,$41 ,4.78 (91),2 guests  ,  1 bedroom  ,  3 beds  ,-91,4.7
391,Apartment in Maadi as Sarayat Al Gharbeyah,$57 ,4.83 (110),2 guests  ,  1 bedroom  ,  1 bed  ,110),4.8
392,Apartment in Sheikh Zayed City,$98 ,4.93 (14),5 guests  ,  2 bedrooms  ,  4 beds  ,-14,4.9
393,Apartment in Cairo,$97 ,4.84 (37),4 guests  ,  2 bedrooms  ,  2 beds  ,-37,4.8
394,Private room in Al Matar,$29 ,New,2 guests  ,  1 bedroom  ,  1 bed  ,New,New
395,Apartment in Ù…Ø±Ø³Ù‰ Ù…Ø·Ø±ÙˆØ­ØŒ,$272 ,New,3 guests  ,  1 bedroom  ,  1 bed  ,New,New
396,Condo in Ù…Ø³Ø§ÙƒÙ† Ø§Ù„Ù…Ù‡Ù†Ø¯Ø³ÙŠÙ†,$46 ,New,4 guests  ,  2 bedrooms  ,  4 beds  ,New,New
397,Apartment in South Sinai Governorate,$63 ,4.77 (39),6 guests  ,  2 bedrooms  ,  4 beds  ,-39,4.7
398,Private room in Ad Doqi A,$18 ,4.93 (46),2 guests  ,  1 bedroom  ,  1 bed  ,-46,4.9
399,Apartment in Dahab,$28 ,New,3 guests  ,  2 bedrooms  ,  2 beds  ,New,New
400,Chalet in Qesm Marina,$342 ,New,6 guests  ,  3 bedrooms  ,  7 beds  ,New,New
401,Apartment in New Cairo,$77 ,4.98 (50),6 guests  ,  3 bedrooms  ,  4 beds  ,-50,4.9
402,Apartment in Ad Doqi A,$36 ,4.84 (43),3 guests  ,  2 bedrooms  ,  3 beds  ,-43,4.8
403,Chalet in Dahab,$38 ,4.92 (39),3 guests  ,  1 bedroom  ,  2 beds  ,-39,4.9
404,Apartment in Ù…Ø¹Ø§Ø¯ÙŠ Ø§Ù„Ø³Ø±Ø§ÙŠØ§Øª Ø§Ù„ØºØ±Ø¨ÙŠØ©,$55 ,4.92 (24),3 guests  ,  1 bedroom  ,  2 beds  ,-24,4.9
405,Apartment in Village,$34 ,5.0 (19),2 guests  ,  1 bedroom  ,  1 bed  ,-19,5
406,Apartment in Maadi as Sarayat Al Gharbeyah,$71 ,4.88 (113),4 guests  ,  2 bedrooms  ,  2 beds  ,113),4.8
407,Apartment in Hurghada,$20 ,4.9 (21),3 guests  ,  1 bedroom  ,  1 bed  ,-21,4.9
408,Apartment in Dahab,$34 ,4.77 (140),4 guests  ,  1 bedroom  ,  3 beds  ,140),4.7
409,Home in South Sinai Governorate,$46 ,4.82 (17),7 guests  ,  3 bedrooms  ,  6 beds  ,-17,4.8
410,Apartment in El-Bostan,$74 ,4.7 (27),4 guests  ,  2 bedrooms  ,  3 beds  ,-27,4.7
411,Townhouse in Al Sheikh Zayed,$55 ,4.83 (60),4 guests  ,  2 bedrooms  ,  3 beds  ,-60,4.8
412,Apartment in Maadi as Sarayat Al Gharbeyah,$92 ,4.67 (3),6 guests  ,  3 bedrooms  ,  3 beds  ,-3,4.6
413,Condo in Zamalek,$75 ,4.59 (56),6 guests  ,  3 bedrooms  ,  5 beds  ,-56,4.5
414,Apartment in Maadi as Sarayat Al Gharbeyah,$57 ,New,2 guests  ,  1 bedroom  ,  2 beds  ,New,New
415,Private room in Ad Doqi A,$18 ,4.9 (29),2 guests  ,  1 bedroom  ,  1 bed  ,-29,4.9
416,Condo in Sheraton Al Matar,"$2,282 ",New,4 guests  ,  1 bedroom  ,  1 bed  ,New,New
417,Condo in Maadi as Sarayat Al Gharbeyah,$68 ,New,4 guests  ,  3 bedrooms  ,  3 beds  ,New,New
418,Apartment in Al Manteqah Ath Thamenah,$46 ,4.7 (44),5 guests  ,  3 bedrooms  ,  5 beds  ,-44,4.7
419,Apartment in Dahab,$40 ,4.83 (120),4 guests  ,  Studio  ,  3 beds  ,120),4.8
420,Chalet in Qesm Marina,$342 ,New,6 guests  ,  3 bedrooms  ,  7 beds  ,New,New
421,Apartment in New Cairo,$77 ,4.98 (50),6 guests  ,  3 bedrooms  ,  4 beds  ,-50,4.9
422,Apartment in Ad Doqi A,$36 ,4.84 (43),3 guests  ,  2 bedrooms  ,  3 beds  ,-43,4.8
423,Chalet in Dahab,$38 ,4.92 (39),3 guests  ,  1 bedroom  ,  2 beds  ,-39,4.9
424,Apartment in Ù…Ø¹Ø§Ø¯ÙŠ Ø§Ù„Ø³Ø±Ø§ÙŠØ§Øª Ø§Ù„ØºØ±Ø¨ÙŠØ©,$55 ,4.92 (24),3 guests  ,  1 bedroom  ,  2 beds  ,-24,4.9
425,Apartment in Village,$34 ,5.0 (19),2 guests  ,  1 bedroom  ,  1 bed  ,-19,5
426,Apartment in Maadi as Sarayat Al Gharbeyah,$71 ,4.88 (113),4 guests  ,  2 bedrooms  ,  2 beds  ,113),4.8
427,Apartment in Hurghada,$20 ,4.9 (21),3 guests  ,  1 bedroom  ,  1 bed  ,-21,4.9
428,Apartment in Dahab,$34 ,4.77 (140),4 guests  ,  1 bedroom  ,  3 beds  ,140),4.7
429,Home in South Sinai Governorate,$46 ,4.82 (17),7 guests  ,  3 bedrooms  ,  6 beds  ,-17,4.8
430,Apartment in El-Bostan,$74 ,4.7 (27),4 guests  ,  2 bedrooms  ,  3 beds  ,-27,4.7
431,Townhouse in Al Sheikh Zayed,$55 ,4.83 (60),4 guests  ,  2 bedrooms  ,  3 beds  ,-60,4.8
432,Apartment in Maadi as Sarayat Al Gharbeyah,$92 ,4.67 (3),6 guests  ,  3 bedrooms  ,  3 beds  ,-3,4.6
433,Condo in Zamalek,$75 ,4.59 (56),6 guests  ,  3 bedrooms  ,  5 beds  ,-56,4.5
434,Apartment in Maadi as Sarayat Al Gharbeyah,$57 ,New,2 guests  ,  1 bedroom  ,  2 beds  ,New,New
435,Private room in Ad Doqi A,$18 ,4.9 (29),2 guests  ,  1 bedroom  ,  1 bed  ,-29,4.9
436,Condo in Sheraton Al Matar,"$2,282 ",New,4 guests  ,  1 bedroom  ,  1 bed  ,New,New
437,Condo in Maadi as Sarayat Al Gharbeyah,$68 ,New,4 guests  ,  3 bedrooms  ,  3 beds  ,New,New
438,Apartment in Al Manteqah Ath Thamenah,$46 ,4.7 (44),5 guests  ,  3 bedrooms  ,  5 beds  ,-44,4.7
439,Apartment in Dahab,$40 ,4.83 (120),4 guests  ,  Studio  ,  3 beds  ,120),4.8
440,Apartment in Al Maadi,$83 ,4.69 (48),3 guests  ,  1 bedroom  ,  1 bed  ,-48,4.6
441,Private room in First New Cairo,$29 ,4.88 (8),1 guest  ,  1 bedroom  ,  1 bed  ,-8,4.8
442,Apartment in Dahab,$32 ,4.88 (60),3 guests  ,  1 bedroom  ,  2 beds  ,-60,4.8
443,Home in Dahab,$57 ,5.0 (17),4 guests  ,  2 bedrooms  ,  2 beds  ,-17,5
444,Apartment in New,$109 ,New,4 guests  ,  3 bedrooms  ,  3 beds  ,New,New
445,Apartment in Hurghada,$36 ,4.9 (39),4 guests  ,  1 bedroom  ,  3 beds  ,-39,4.9
446,Apartment in New Maadi ,$131 ,5.0 (16),4 guests  ,  3 bedrooms  ,  3 beds  ,-16,5
447,Private room in Cairo - Zamalek,$41 ,4.78 (91),2 guests  ,  1 bedroom  ,  3 beds  ,-91,4.7
448,Apartment in Maadi as Sarayat Al Gharbeyah,$57 ,4.83 (110),2 guests  ,  1 bedroom  ,  1 bed  ,110),4.8
449,Apartment in Sheikh Zayed City,$98 ,4.93 (14),5 guests  ,  2 bedrooms  ,  4 beds  ,-14,4.9
450,Apartment in Cairo,$97 ,4.84 (37),4 guests  ,  2 bedrooms  ,  2 beds  ,-37,4.8
451,Private room in Al Matar,$29 ,New,2 guests  ,  1 bedroom  ,  1 bed  ,New,New
452,Apartment in Ù…Ø±Ø³Ù‰ Ù…Ø·Ø±ÙˆØ­ØŒ,$272 ,New,3 guests  ,  1 bedroom  ,  1 bed  ,New,New
453,Condo in Ù…Ø³Ø§ÙƒÙ† Ø§Ù„Ù…Ù‡Ù†Ø¯Ø³ÙŠÙ†,$46 ,New,4 guests  ,  2 bedrooms  ,  4 beds  ,New,New
454,Apartment in South Sinai Governorate,$63 ,4.77 (39),6 guests  ,  2 bedrooms  ,  4 beds  ,-39,4.7
455,Private room in Ad Doqi A,$18 ,4.93 (46),2 guests  ,  1 bedroom  ,  1 bed  ,-46,4.9
456,Apartment in Dahab,$28 ,New,3 guests  ,  2 bedrooms  ,  2 beds  ,New,New
457,Apartment in Mohandessin,$67 ,4.88 (48),3 guests  ,  2 bedrooms  ,  2 beds  ,-48,4.8
458,Apartment in Sheikh Zayed,$104 ,4.9 (31),8 guests  ,  4 bedrooms  ,  4 beds  ,-31,4.9
459,Apartment in Sheikh Zayed City,$63 ,5.0 (4),4 guests  ,  1 bedroom  ,  4 beds  ,-4,5
460,Chalet in Qesm Marina,$342 ,New,6 guests  ,  3 bedrooms  ,  7 beds  ,New,New
461,Apartment in New Cairo,$77 ,4.98 (50),6 guests  ,  3 bedrooms  ,  4 beds  ,-50,4.9
462,Apartment in Ad Doqi A,$36 ,4.84 (43),3 guests  ,  2 bedrooms  ,  3 beds  ,-43,4.8
463,Chalet in Dahab,$38 ,4.92 (39),3 guests  ,  1 bedroom  ,  2 beds  ,-39,4.9
464,Apartment in Ù…Ø¹Ø§Ø¯ÙŠ Ø§Ù„Ø³Ø±Ø§ÙŠØ§Øª Ø§Ù„ØºØ±Ø¨ÙŠØ©,$55 ,4.92 (24),3 guests  ,  1 bedroom  ,  2 beds  ,-24,4.9
465,Apartment in Village,$34 ,5.0 (19),2 guests  ,  1 bedroom  ,  1 bed  ,-19,5
466,Apartment in Maadi as Sarayat Al Gharbeyah,$71 ,4.88 (113),4 guests  ,  2 bedrooms  ,  2 beds  ,113),4.8
467,Apartment in Hurghada,$20 ,4.9 (21),3 guests  ,  1 bedroom  ,  1 bed  ,-21,4.9
468,Apartment in Dahab,$34 ,4.77 (140),4 guests  ,  1 bedroom  ,  3 beds  ,140),4.7
469,Home in South Sinai Governorate,$46 ,4.82 (17),7 guests  ,  3 bedrooms  ,  6 beds  ,-17,4.8
470,Apartment in El-Bostan,$74 ,4.7 (27),4 guests  ,  2 bedrooms  ,  3 beds  ,-27,4.7
471,Apartment in Maadi as Sarayat Al Gharbeyah,$92 ,4.67 (3),6 guests  ,  3 bedrooms  ,  3 beds  ,-3,4.6
472,Condo in Zamalek,$75 ,4.59 (56),6 guests  ,  3 bedrooms  ,  5 beds  ,-56,4.5
473,Apartment in Maadi as Sarayat Al Gharbeyah,$57 ,New,2 guests  ,  1 bedroom  ,  2 beds  ,New,New
474,Private room in Ad Doqi A,$18 ,4.9 (29),2 guests  ,  1 bedroom  ,  1 bed  ,-29,4.9
475,Condo in Sheraton Al Matar,"$2,282 ",New,4 guests  ,  1 bedroom  ,  1 bed  ,New,New
476,Condo in Maadi as Sarayat Al Gharbeyah,$68 ,New,4 guests  ,  3 bedrooms  ,  3 beds  ,New,New
477,Apartment in Al Manteqah Ath Thamenah,$46 ,4.7 (44),5 guests  ,  3 bedrooms  ,  5 beds  ,-44,4.7
478,Apartment in Dahab,$40 ,4.83 (120),4 guests  ,  Studio  ,  3 beds  ,120),4.8
479,Apartment in Cairo Governorate,$41 ,4.84 (108),2 guests  ,  1 bedroom  ,  1 bed  ,108),4.8
480,Chalet in Qesm Marina,$342 ,New,6 guests  ,  3 bedrooms  ,  7 beds  ,New,New
481,Apartment in New Cairo,$77 ,4.98 (50),6 guests  ,  3 bedrooms  ,  4 beds  ,-50,4.9
482,Apartment in Ad Doqi A,$36 ,4.84 (43),3 guests  ,  2 bedrooms  ,  3 beds  ,-43,4.8
483,Chalet in Dahab,$38 ,4.92 (39),3 guests  ,  1 bedroom  ,  2 beds  ,-39,4.9
484,Apartment in Ù…Ø¹Ø§Ø¯ÙŠ Ø§Ù„Ø³Ø±Ø§ÙŠØ§Øª Ø§Ù„ØºØ±Ø¨ÙŠØ©,$55 ,4.92 (24),3 guests  ,  1 bedroom  ,  2 beds  ,-24,4.9
485,Apartment in Village,$34 ,5.0 (19),2 guests  ,  1 bedroom  ,  1 bed  ,-19,5
486,Apartment in Maadi as Sarayat Al Gharbeyah,$71 ,4.88 (113),4 guests  ,  2 bedrooms  ,  2 beds  ,113),4.8
487,Apartment in Hurghada,$20 ,4.9 (21),3 guests  ,  1 bedroom  ,  1 bed  ,-21,4.9
488,Apartment in Dahab,$34 ,4.77 (140),4 guests  ,  1 bedroom  ,  3 beds  ,140),4.7
489,Home in South Sinai Governorate,$46 ,4.82 (17),7 guests  ,  3 bedrooms  ,  6 beds  ,-17,4.8
490,Apartment in El-Bostan,$74 ,4.7 (27),4 guests  ,  2 bedrooms  ,  3 beds  ,-27,4.7
491,Townhouse in Al Sheikh Zayed,$55 ,4.83 (60),4 guests  ,  2 bedrooms  ,  3 beds  ,-60,4.8
492,Apartment in Maadi as Sarayat Al Gharbeyah,$92 ,4.67 (3),6 guests  ,  3 bedrooms  ,  3 beds  ,-3,4.6
493,Condo in Zamalek,$75 ,4.59 (56),6 guests  ,  3 bedrooms  ,  5 beds  ,-56,4.5
494,Apartment in Maadi as Sarayat Al Gharbeyah,$57 ,New,2 guests  ,  1 bedroom  ,  2 beds  ,New,New
495,Private room in Ad Doqi A,$18 ,4.9 (29),2 guests  ,  1 bedroom  ,  1 bed  ,-29,4.9
496,Condo in Sheraton Al Matar,"$2,282 ",New,4 guests  ,  1 bedroom  ,  1 bed  ,New,New
497,Condo in Maadi as Sarayat Al Gharbeyah,$68 ,New,4 guests  ,  3 bedrooms  ,  3 beds  ,New,New
498,Apartment in Al Manteqah Ath Thamenah,$46 ,4.7 (44),5 guests  ,  3 bedrooms  ,  5 beds  ,-44,4.7
499,Apartment in Dahab,$40 ,4.83 (120),4 guests  ,  Studio  ,  3 beds  ,120),4.8
500,Private room in Ad Doqi A,$18 ,4.85 (48),2 guests  ,  1 bedroom  ,  1 bed  ,-48,4.8
501,Apartment in Madinaty,$66 ,4.57 (56),5 guests  ,  2 bedrooms  ,  3 beds  ,-56,4.5
502,Apartment in Maadi Al Khabiri Al Gharbeyah,$52 ,New,6 guests  ,  2 bedrooms  ,  4 beds  ,New,New
503,Private room in Agouza,$34 ,5.0 (9),2 guests  ,  1 bedroom  ,  1 bed  ,-9,5
504,Apartment in Dahab,$35 ,New,4 guests  ,  1 bedroom  ,  2 beds  ,New,New
505,Condo in San Stefano,$77 ,New,4 guests  ,  2 bedrooms  ,  3 beds  ,New,New
506,Apartment in Ù‚Ø³Ù… Ø³Ø§Ù†Øª ÙƒØ§ØªØ±ÙŠÙ†,$29 ,New,2 guests  ,  1 bedroom  ,  1 bed  ,New,New
507,Apartment in Al Maadi,$83 ,4.69 (48),3 guests  ,  1 bedroom  ,  1 bed  ,-48,4.6
508,Private room in First New Cairo,$29 ,4.88 (8),1 guest  ,  1 bedroom  ,  1 bed  ,-8,4.8
509,Apartment in Dahab,$32 ,4.88 (60),3 guests  ,  1 bedroom  ,  2 beds  ,-60,4.8
510,Home in Dahab,$57 ,5.0 (17),4 guests  ,  2 bedrooms  ,  2 beds  ,-17,5
511,Apartment in New,$109 ,New,4 guests  ,  3 bedrooms  ,  3 beds  ,New,New
512,Apartment in Qesm Saint Katrin,$51 ,4.92 (76),2 guests  ,  1 bedroom  ,  1 bed  ,-76,4.9
513,Apartment in Hurghada,$36 ,4.9 (39),4 guests  ,  1 bedroom  ,  3 beds  ,-39,4.9
514,Apartment in New Maadi ,$131 ,5.0 (16),4 guests  ,  3 bedrooms  ,  3 beds  ,-16,5
515,Private room in Cairo - Zamalek,$41 ,4.78 (91),2 guests  ,  1 bedroom  ,  3 beds  ,-91,4.7
516,Apartment in Maadi as Sarayat Al Gharbeyah,$57 ,4.83 (110),2 guests  ,  1 bedroom  ,  1 bed  ,110),4.8
517,Apartment in Nasr City,$22 ,4.2 (6),4 guests  ,  2 bedrooms  ,  4 beds  ,-6,4.2
518,Apartment in Ù…Ø±Ø³Ù‰ Ù…Ø·Ø±ÙˆØ­ØŒ,$272 ,New,3 guests  ,  1 bedroom  ,  1 bed  ,New,New
519,Condo in Ù…Ø³Ø§ÙƒÙ† Ø§Ù„Ù…Ù‡Ù†Ø¯Ø³ÙŠÙ†,$46 ,New,4 guests  ,  2 bedrooms  ,  4 beds  ,New,New
520,Apartment in New Cairo,$77 ,4.98 (50),6 guests  ,  3 bedrooms  ,  4 beds  ,-50,4.9
521,Apartment in Ad Doqi A,$36 ,4.84 (43),3 guests  ,  2 bedrooms  ,  3 beds  ,-43,4.8
522,Chalet in Dahab,$38 ,4.92 (39),3 guests  ,  1 bedroom  ,  2 beds  ,-39,4.9
523,Apartment in Ù…Ø¹Ø§Ø¯ÙŠ Ø§Ù„Ø³Ø±Ø§ÙŠØ§Øª Ø§Ù„ØºØ±Ø¨ÙŠØ©,$55 ,4.92 (24),3 guests  ,  1 bedroom  ,  2 beds  ,-24,4.9
524,Apartment in Village,$34 ,5.0 (19),2 guests  ,  1 bedroom  ,  1 bed  ,-19,5
525,Apartment in Maadi as Sarayat Al Gharbeyah,$71 ,4.88 (113),4 guests  ,  2 bedrooms  ,  2 beds  ,113),4.8
526,Apartment in Hurghada,$20 ,4.9 (21),3 guests  ,  1 bedroom  ,  1 bed  ,-21,4.9
527,Apartment in Dahab,$34 ,4.77 (140),4 guests  ,  1 bedroom  ,  3 beds  ,140),4.7
528,Home in South Sinai Governorate,$46 ,4.82 (17),7 guests  ,  3 bedrooms  ,  6 beds  ,-17,4.8
529,Apartment in El-Bostan,$74 ,4.7 (27),4 guests  ,  2 bedrooms  ,  3 beds  ,-27,4.7
530,Townhouse in Al Sheikh Zayed,$55 ,4.83 (60),4 guests  ,  2 bedrooms  ,  3 beds  ,-60,4.8
531,Apartment in Maadi as Sarayat Al Gharbeyah,$92 ,4.67 (3),6 guests  ,  3 bedrooms  ,  3 beds  ,-3,4.6
532,Condo in Zamalek,$75 ,4.59 (56),6 guests  ,  3 bedrooms  ,  5 beds  ,-56,4.5
533,Apartment in Maadi as Sarayat Al Gharbeyah,$57 ,New,2 guests  ,  1 bedroom  ,  2 beds  ,New,New
534,Private room in Ad Doqi A,$18 ,4.9 (29),2 guests  ,  1 bedroom  ,  1 bed  ,-29,4.9
535,Condo in Sheraton Al Matar,"$2,282 ",New,4 guests  ,  1 bedroom  ,  1 bed  ,New,New
536,Condo in Maadi as Sarayat Al Gharbeyah,$68 ,New,4 guests  ,  3 bedrooms  ,  3 beds  ,New,New
537,Apartment in Al Manteqah Ath Thamenah,$46 ,4.7 (44),5 guests  ,  3 bedrooms  ,  5 beds  ,-44,4.7
538,Apartment in Dahab,$40 ,4.83 (120),4 guests  ,  Studio  ,  3 beds  ,120),4.8
539,Apartment in Cairo Governorate,$41 ,4.84 (108),2 guests  ,  1 bedroom  ,  1 bed  ,108),4.8
540,Chalet in Qesm Marina,$342 ,New,6 guests  ,  3 bedrooms  ,  7 beds  ,New,New
541,Apartment in New Cairo,$77 ,4.98 (50),6 guests  ,  3 bedrooms  ,  4 beds  ,-50,4.9
542,Apartment in Ad Doqi A,$36 ,4.84 (43),3 guests  ,  2 bedrooms  ,  3 beds  ,-43,4.8
543,Chalet in Dahab,$38 ,4.92 (39),3 guests  ,  1 bedroom  ,  2 beds  ,-39,4.9
544,Apartment in Ù…Ø¹Ø§Ø¯ÙŠ Ø§Ù„Ø³Ø±Ø§ÙŠØ§Øª Ø§Ù„ØºØ±Ø¨ÙŠØ©,$55 ,4.92 (24),3 guests  ,  1 bedroom  ,  2 beds  ,-24,4.9
545,Apartment in Village,$34 ,5.0 (19),2 guests  ,  1 bedroom  ,  1 bed  ,-19,5
546,Apartment in Maadi as Sarayat Al Gharbeyah,$71 ,4.88 (113),4 guests  ,  2 bedrooms  ,  2 beds  ,113),4.8
547,Apartment in Hurghada,$20 ,4.9 (21),3 guests  ,  1 bedroom  ,  1 bed  ,-21,4.9
548,Apartment in Dahab,$34 ,4.77 (140),4 guests  ,  1 bedroom  ,  3 beds  ,140),4.7
549,Home in South Sinai Governorate,$46 ,4.82 (17),7 guests  ,  3 bedrooms  ,  6 beds  ,-17,4.8
550,Apartment in El-Bostan,$74 ,4.7 (27),4 guests  ,  2 bedrooms  ,  3 beds  ,-27,4.7
551,Townhouse in Al Sheikh Zayed,$55 ,4.83 (60),4 guests  ,  2 bedrooms  ,  3 beds  ,-60,4.8
552,Apartment in Maadi as Sarayat Al Gharbeyah,$92 ,4.67 (3),6 guests  ,  3 bedrooms  ,  3 beds  ,-3,4.6
553,Condo in Zamalek,$75 ,4.59 (56),6 guests  ,  3 bedrooms  ,  5 beds  ,-56,4.5
554,Apartment in Maadi as Sarayat Al Gharbeyah,$57 ,New,2 guests  ,  1 bedroom  ,  2 beds  ,New,New
555,Private room in Ad Doqi A,$18 ,4.9 (29),2 guests  ,  1 bedroom  ,  1 bed  ,-29,4.9
556,Condo in Sheraton Al Matar,"$2,282 ",New,4 guests  ,  1 bedroom  ,  1 bed  ,New,New
557,Condo in Maadi as Sarayat Al Gharbeyah,$68 ,New,4 guests  ,  3 bedrooms  ,  3 beds  ,New,New
558,Apartment in Al Manteqah Ath Thamenah,$46 ,4.7 (44),5 guests  ,  3 bedrooms  ,  5 beds  ,-44,4.7
559,Apartment in Dahab,$40 ,4.83 (120),4 guests  ,  Studio  ,  3 beds  ,120),4.8
560,Private room in Ad Doqi A,$17 ,4.89 (76),2 guests  ,  1 bedroom  ,  1 bed  ,-76,4.8
561,Private room in Ad Doqi A,$18 ,4.85 (48),2 guests  ,  1 bedroom  ,  1 bed  ,-48,4.8
562,Apartment in Madinaty,$66 ,4.57 (56),5 guests  ,  2 bedrooms  ,  3 beds  ,-56,4.5
563,Apartment in Maadi Al Khabiri Al Gharbeyah,$52 ,New,6 guests  ,  2 bedrooms  ,  4 beds  ,New,New
564,Private room in Agouza,$34 ,5.0 (9),2 guests  ,  1 bedroom  ,  1 bed  ,-9,5
565,Apartment in Dahab,$35 ,New,4 guests  ,  1 bedroom  ,  2 beds  ,New,New
566,Condo in San Stefano,$77 ,New,4 guests  ,  2 bedrooms  ,  3 beds  ,New,New
567,Apartment in Ù‚Ø³Ù… Ø³Ø§Ù†Øª ÙƒØ§ØªØ±ÙŠÙ†,$29 ,New,2 guests  ,  1 bedroom  ,  1 bed  ,New,New
568,Apartment in Al Maadi,$83 ,4.69 (48),3 guests  ,  1 bedroom  ,  1 bed  ,-48,4.6
569,Private room in First New Cairo,$29 ,4.88 (8),1 guest  ,  1 bedroom  ,  1 bed  ,-8,4.8
570,Apartment in Dahab,$32 ,4.88 (60),3 guests  ,  1 bedroom  ,  2 beds  ,-60,4.8
571,Home in Dahab,$57 ,5.0 (17),4 guests  ,  2 bedrooms  ,  2 beds  ,-17,5
572,Apartment in New,$109 ,New,4 guests  ,  3 bedrooms  ,  3 beds  ,New,New
573,Apartment in Qesm Saint Katrin,$51 ,4.92 (76),2 guests  ,  1 bedroom  ,  1 bed  ,-76,4.9
574,Apartment in Hurghada,$36 ,4.9 (39),4 guests  ,  1 bedroom  ,  3 beds  ,-39,4.9
575,Apartment in New Maadi ,$131 ,5.0 (16),4 guests  ,  3 bedrooms  ,  3 beds  ,-16,5
576,Private room in Cairo - Zamalek,$41 ,4.78 (91),2 guests  ,  1 bedroom  ,  3 beds  ,-91,4.7
577,Apartment in Maadi as Sarayat Al Gharbeyah,$57 ,4.83 (110),2 guests  ,  1 bedroom  ,  1 bed  ,110),4.8
578,Apartment in Nasr City,$22 ,4.2 (6),4 guests  ,  2 bedrooms  ,  4 beds  ,-6,4.2
579,Apartment in Ù…Ø±Ø³Ù‰ Ù…Ø·Ø±ÙˆØ­ØŒ,$272 ,New,3 guests  ,  1 bedroom  ,  1 bed  ,New,New
580,Apartment in Ù‚Ø³Ù… Ø³Ø§Ù†Øª ÙƒØ§ØªØ±ÙŠÙ†,$29 ,New,2 guests  ,  1 bedroom  ,  1 bed  ,New,New
581,Apartment in Al Maadi,$83 ,4.69 (48),3 guests  ,  1 bedroom  ,  1 bed  ,-48,4.6
582,Private room in First New Cairo,$29 ,4.88 (8),1 guest  ,  1 bedroom  ,  1 bed  ,-8,4.8
583,Apartment in Dahab,$32 ,4.88 (60),3 guests  ,  1 bedroom  ,  2 beds  ,-60,4.8
584,Home in Dahab,$57 ,5.0 (17),4 guests  ,  2 bedrooms  ,  2 beds  ,-17,5
585,Apartment in New,$109 ,New,4 guests  ,  3 bedrooms  ,  3 beds  ,New,New
586,Apartment in Hurghada,$36 ,4.9 (39),4 guests  ,  1 bedroom  ,  3 beds  ,-39,4.9
587,Apartment in New Maadi ,$131 ,5.0 (16),4 guests  ,  3 bedrooms  ,  3 beds  ,-16,5
588,Private room in Cairo - Zamalek,$41 ,4.78 (91),2 guests  ,  1 bedroom  ,  3 beds  ,-91,4.7
589,Apartment in Maadi as Sarayat Al Gharbeyah,$57 ,4.83 (110),2 guests  ,  1 bedroom  ,  1 bed  ,110),4.8
590,Apartment in Sheikh Zayed City,$98 ,4.93 (14),5 guests  ,  2 bedrooms  ,  4 beds  ,-14,4.9
591,Apartment in Cairo,$97 ,4.84 (37),4 guests  ,  2 bedrooms  ,  2 beds  ,-37,4.8
592,Private room in Al Matar,$29 ,New,2 guests  ,  1 bedroom  ,  1 bed  ,New,New
593,Apartment in Ù…Ø±Ø³Ù‰ Ù…Ø·Ø±ÙˆØ­ØŒ,$272 ,New,3 guests  ,  1 bedroom  ,  1 bed  ,New,New
594,Condo in Ù…Ø³Ø§ÙƒÙ† Ø§Ù„Ù…Ù‡Ù†Ø¯Ø³ÙŠÙ†,$46 ,New,4 guests  ,  2 bedrooms  ,  4 beds  ,New,New
595,Apartment in South Sinai Governorate,$63 ,4.77 (39),6 guests  ,  2 bedrooms  ,  4 beds  ,-39,4.7
596,Private room in Ad Doqi A,$18 ,4.93 (46),2 guests  ,  1 bedroom  ,  1 bed  ,-46,4.9
597,Apartment in Dahab,$28 ,New,3 guests  ,  2 bedrooms  ,  2 beds  ,New,New
598,Apartment in Mohandessin,$67 ,4.88 (48),3 guests  ,  2 bedrooms  ,  2 beds  ,-48,4.8
599,Apartment in Sheikh Zayed,$104 ,4.9 (31),8 guests  ,  4 bedrooms  ,  4 beds  ,-31,4.9
600,Apartment in Dahab,$35 ,New,4 guests  ,  1 bedroom  ,  2 beds  ,New,New
601,Condo in San Stefano,$77 ,New,4 guests  ,  2 bedrooms  ,  3 beds  ,New,New
602,Apartment in Ù‚Ø³Ù… Ø³Ø§Ù†Øª ÙƒØ§ØªØ±ÙŠÙ†,$29 ,New,2 guests  ,  1 bedroom  ,  1 bed  ,New,New
603,Apartment in Al Maadi,$83 ,4.69 (48),3 guests  ,  1 bedroom  ,  1 bed  ,-48,4.6
604,Private room in First New Cairo,$29 ,4.88 (8),1 guest  ,  1 bedroom  ,  1 bed  ,-8,4.8
605,Apartment in Dahab,$32 ,4.88 (60),3 guests  ,  1 bedroom  ,  2 beds  ,-60,4.8
606,Home in Dahab,$57 ,5.0 (17),4 guests  ,  2 bedrooms  ,  2 beds  ,-17,5
607,Apartment in New,$109 ,New,4 guests  ,  3 bedrooms  ,  3 beds  ,New,New
608,Apartment in Hurghada,$36 ,4.9 (39),4 guests  ,  1 bedroom  ,  3 beds  ,-39,4.9
609,Apartment in New Maadi ,$131 ,5.0 (16),4 guests  ,  3 bedrooms  ,  3 beds  ,-16,5
610,Private room in Cairo - Zamalek,$41 ,4.78 (91),2 guests  ,  1 bedroom  ,  3 beds  ,-91,4.7
611,Apartment in Maadi as Sarayat Al Gharbeyah,$57 ,4.83 (110),2 guests  ,  1 bedroom  ,  1 bed  ,110),4.8
612,Apartment in Sheikh Zayed City,$98 ,4.93 (14),5 guests  ,  2 bedrooms  ,  4 beds  ,-14,4.9
613,Apartment in Cairo,$97 ,4.84 (37),4 guests  ,  2 bedrooms  ,  2 beds  ,-37,4.8
614,Private room in Al Matar,$29 ,New,2 guests  ,  1 bedroom  ,  1 bed  ,New,New
615,Apartment in Ù…Ø±Ø³Ù‰ Ù…Ø·Ø±ÙˆØ­ØŒ,$272 ,New,3 guests  ,  1 bedroom  ,  1 bed  ,New,New
616,Condo in Ù…Ø³Ø§ÙƒÙ† Ø§Ù„Ù…Ù‡Ù†Ø¯Ø³ÙŠÙ†,$46 ,New,4 guests  ,  2 bedrooms  ,  4 beds  ,New,New
617,Private room in Ad Doqi A,$18 ,4.93 (46),2 guests  ,  1 bedroom  ,  1 bed  ,-46,4.9
618,Apartment in Dahab,$28 ,New,3 guests  ,  2 bedrooms  ,  2 beds  ,New,New
619,Apartment in Mohandessin,$67 ,4.88 (48),3 guests  ,  2 bedrooms  ,  2 beds  ,-48,4.8
