,Names,Prices,Reviews,Numbers of guests,Numbers of bedroom,Numbers of beds
0,Tiny home in Maadi as Sarayat Al Gharbeyah,$112 ,5.0 (21),2 guests  ,  1 bedroom  ,  1 bed  
1,Villa in Hurghada,$202 ,New,6 guests  ,  3 bedrooms  ,  4 beds  
2,Loft in Maadi as Sarayat Al Gharbeyah,$44 ,5.0 (10),1 guest  ,  1 bedroom  ,  1 bed  
3,Home in Hurghada,$575 ,5.0 (4),8 guests  ,  4 bedrooms  ,  6 beds  
4,Private room in Maadi as Sarayat Al Gharbeyah,$32 ,4.69 (13),2 guests  ,  1 bedroom  ,  1 bed  
5,Apartment in Hurghada 2,$48 ,New,2 guests  ,  1 bedroom  ,  1 bed  
7,Loft in Maadi as Sarayat Al Gharbeyah,$228 ,New,5 guests  ,  4 bedrooms  ,  4 beds  
8,Villa in Hurghada,$161 ,5.0 (6),6 guests  ,  2 bedrooms  ,  4 beds  
9,Apartment in Dahab,$88 ,5.0 (97),5 guests  ,  2 bedrooms  ,  2 beds  
10,Condo in Hurghada,$88 ,4.96 (25),5 guests  ,  2 bedrooms  ,  3 beds  
11,Condo in Dahab,$81 ,4.78 (103),4 guests  ,  1 bedroom  ,  4 beds  
12,Apartment in Second Hurghada,$66 ,5.0 (27),3 guests  ,  1 bedroom  ,  1 bed  
13,Apartment in Al Mandarah Bahri,$103 ,4.97 (30),7 guests  ,  3 bedrooms  ,  4 beds  
14,Apartment in Hurghada,$66 ,4.94 (52),4 guests  ,  1 bedroom  ,  1 bed  
15,Apartment in El Gouna,$87 ,4.99 (93),4 guests  ,  1 bedroom  ,  2 beds  
16,Apartment in Hurghada,$160 ,5.0 (42),6 guests  ,  2 bedrooms  ,  3 beds  
17,Villa in Hurghada,$141 ,5.0 (15),14 guests  ,  5 bedrooms  ,  8 beds  
18,Apartment in Second Hurghada,$111 ,4.92 (61),6 guests  ,  2 bedrooms  ,  2 beds  
19,Apartment in Al Mazar,$63 ,4.6 (25),4 guests  ,  1 bedroom  ,  3 beds  
20,Apartment in Dahab Qesm Saint Katrin,$81 ,4.96 (26),3 guests  ,  1 bedroom  ,  1 bed  
21,Apartment in Al Mesallah Sharq,$46 ,4.75 (55),5 guests  ,  2 bedrooms  ,  4 beds  
22,Dome in Luxor,$84 ,4.9 (118),12 guests  ,  5 bedrooms  ,  7 beds  
23,Apartment in Hurghada,$77 ,4.73 (45),3 guests  ,  1 bedroom  ,  2 beds  
24,Apartment in Luxor Governorate,$43 ,4.96 (216),4 guests  ,  2 bedrooms  ,  3 beds  
25,Home in Hurghada,$138 ,4.5 (215),6 guests  ,  3 bedrooms  ,  3 beds  
26,Apartment in Maadi as Sarayat Al Gharbeyah,$74 ,4.6 (45),2 guests  ,  1 bedroom  ,  1 bed  
27,Villa in Hurghada,$191 ,4.92 (60),8 guests  ,  3 bedrooms  ,  5 beds  
28,Villa in Qesm Hurghada,$220 ,4.84 (45),6 guests  ,  3 bedrooms  ,  6 beds  
29,Apartment in El Gouna,$102 ,4.87 (85),4 guests  ,  1 bedroom  ,  2 beds  
30,Apartment in South Sinai Governorate,$63 ,4.76 (58),6 guests  ,  2 bedrooms  ,  4 beds  
31,Apartment in First Hurghada,$41 ,4.85 (20),3 guests  ,  1 bedroom  ,  2 beds  
32,Private room in Cairo Governorate,$30 ,5.0 (63),2 guests  ,  1 bedroom  ,  2 beds  
33,Home in Hurghada,$327 ,4.9 (49),6 guests  ,  3 bedrooms  ,  5 beds  
34,Apartment in Qesm Sharm Ash Sheikh,$52 ,4.94 (33),5 guests  ,  2 bedrooms  ,  6 beds  
35,Apartment in Qesm Saint Katrin,$75 ,4.77 (75),4 guests  ,  1 bedroom  ,  2 beds  
36,Home in Dahab,$95 ,4.91 (75),2 guests  ,  1 bedroom  ,  1 bed  
37,Apartment in Qesm Sharm Ash Sheikh,$35 ,4.93 (55),3 guests  ,  1 bedroom  ,  1 bed  
38,Tiny home in El-Montaza,$62 ,4.91 (74),3 guests  ,  1 bedroom  ,  1 bed  
39,"Townhouse in Qesm Hurghada, ",$70 ,4.82 (66),6 guests  ,  2 bedrooms  ,  4 beds  
40,Tiny home in El-Montaza,$62 ,4.91 (74),3 guests  ,  1 bedroom  ,  1 bed  
41,"Townhouse in Qesm Hurghada, ",$70 ,4.82 (66),6 guests  ,  2 bedrooms  ,  4 beds  
42,Apartment in Hurghada,$180 ,4.97 (106),4 guests  ,  1 bedroom  ,  3 beds  
43,Apartment in Dahab,$67 ,4.97 (95),3 guests  ,  1 bedroom  ,  1 bed  
44,Apartment in Hurghada,$49 ,4.95 (39),3 guests  ,  1 bedroom  ,  2 beds  
45,Vacation home in Hurghada,$28 ,New,3 guests  ,  Studio  ,  1 bed  
46,Apartment in Dahab,$67 ,4.98 (110),3 guests  ,  1 bedroom  ,  1 bed  
47,Home in Dahab,$40 ,4.96 (51),3 guests  ,  1 bedroom  ,  1 bed  
48,Townhouse in Ikingi Maryut,$52 ,4.96 (47),5 guests  ,  3 bedrooms  ,  3 beds  
50,Apartment in Luxor,$31 ,4.89 (112),4 guests  ,  2 bedrooms  ,  3 beds  
51,Apartment in Qesm Sharm Ash Sheikh,$22 ,4.67 (61),2 guests  ,  Studio  ,  1 bed  
52,Home in Fayoum,$94 ,4.99 (106),4 guests  ,  2 bedrooms  ,  4 beds  
53,Home in Hurghada,$295 ,4.9 (39),6 guests  ,  4 bedrooms  ,  4 beds  
54,Townhouse in First 6th of October,$154 ,4.78 (9),6 guests  ,  3 bedrooms  ,  3 beds  
55,Apartment in New Cairo City,$47 ,4.71 (42),2 guests  ,  1 bedroom  ,  1 bed  
56,Apartment in Hurghada,$14 ,4.73 (30),2 guests  ,  Studio  ,  2 beds  
57,Private room in Maadi ,$35 ,4.96 (183),2 guests  ,  1 bedroom  ,  1 bed  
58,Apartment in EG,$16 ,4.86 (36),2 guests  ,  Studio  ,  1 bed  
59,Apartment in Hurghada,$33 ,4.83 (29),4 guests  ,  1 bedroom  ,  4 beds  
60,Apartment in Alexandria,$132 ,4.76 (17),6 guests  ,  3 bedrooms  ,  4 beds  
61,Private room in Dahab,$26 ,5.0 (13),2 guests  ,  1 bedroom  ,  2 beds  
62,Private room in Nuweibaa,$23 ,4.5 (3),16 guests  ,  10 bedrooms  ,  10 beds  
63,Hotel room in EG,$62 ,New,2 guests  ,  1 bedroom  ,  1 bed  
64,Condo in Cairo Governorate,$83 ,4.39 (23),2 guests  ,  1 bedroom  ,  1 bed  
65,Apartment in Hurghada,$100 ,4.91 (11),4 guests  ,  1 bedroom  ,  1 bed  
66,Apartment in Cairo Governorate,$160 ,New,4 guests  ,  2 bedrooms  ,  3 beds  
67,Condo in Hurghada,$127 ,5.0 (5),5 guests  ,  2 bedrooms  ,  3 beds  
68,Condo in Hurghada,$33 ,5.0 (3),2 guests  ,  1 bedroom  ,  2 beds  
69,Condo in Red Sea Governorate,$85 ,5.0 (3),3 guests  ,  1 bedroom  ,  2 beds  
72,Condo in Hurghada 2,$57 ,5.0 (3),2 guests  ,  1 bedroom  ,  2 beds  
73,Apartment in Hurghada,$132 ,New,4 guests  ,  2 bedrooms  ,  3 beds  
74,Hotel room in Qasr Ad Dobarah,$328 ,New,2 guests  ,  1 bedroom  ,  1 bed  
75,Apartment in Hurghada,$27 ,New,2 guests  ,  Studio  ,  2 beds  
76,Apartment in Hurghada,$59 ,New,5 guests  ,  2 bedrooms  ,  3 beds  
77,Condo in Sidi Gabir,$128 ,New,6 guests  ,  3 bedrooms  ,  1 bed  
78,Apartment in Sidi Beshr Bahri,$31 ,4.8 (30),6 guests  ,  2 bedrooms  ,  6 beds  
79,Villa in Al Mansouria,$106 ,New,7 guests  ,  3 bedrooms  ,  4 beds  
80,Apartment in Al Mandarah Bahri,$71 ,New,5 guests  ,  3 bedrooms  ,  4 beds  
82,Villa in ADH Dheraa Al Bahri,$219 ,New,16 guests  ,  5 bedrooms  ,  7 beds  
83,Apartment in DOWNTOWN,$133 ,4.98 (178),6 guests  ,  2 bedrooms  ,  2 beds  
84,Apartment in Zamalek,$40 ,4.51 (98),2 guests  ,  1 bedroom  ,  1 bed  
85,Apartment in Hurghada,$34 ,New,2 guests  ,  1 bedroom  ,  1 bed  
86,Home in Dahab,$103 ,4.94 (77),4 guests  ,  2 bedrooms  ,  2 beds  
88,Apartment in Red Sea Governorate,$91 ,5.0 (5),5 guests  ,  2 bedrooms  ,  3 beds  
89,Apartment in Qesm Sharm Ash Sheikh,$47 ,5.0 (6),4 guests  ,  1 bedroom  ,  3 beds  
90,Private room in South Sinai Governorate,$11 ,New,10 guests  ,  15 bedrooms  ,  29 beds  
91,Condo in Al Alameen City,$106 ,New,4 guests  ,  2 bedrooms  ,  1 bed  
92,Villa in Hurghada,$422 ,New,10 guests  ,  5 bedrooms  ,  7 beds  
93,Vacation home in Hurghada,$60 ,New,2 guests  ,  1 bedroom  ,  1 bed  
95,Vacation home in Erban Atekah and Al Manayef,$86 ,New,4 guests  ,  2 bedrooms  ,  1 bed  
96,Apartment in Naama Bay,$36 ,4.8 (10),2 guests  ,  1 bedroom  ,  1 bed  
97,Apartment in Hurghada,$31 ,4.89 (9),3 guests  ,  1 bedroom  ,  3 beds  
98,Apartment in Hurghada,$35 ,5.0 (3),2 guests  ,  Studio  ,  1 bath
99,Vacation home in Hurghada 2,$101 ,5.0 (10),4 guests  ,  1 bedroom  ,  2 beds  
100,Apartment in Hurghada,$35 ,5.0 (3),2 guests  ,  Studio  ,  1 bath
101,Vacation home in Sharm El-Sheikh,$36 ,New,3 guests  ,  Studio  ,  1 bed  
102,Apartment in Hurghada,$28 ,New,4 guests  ,  1 bedroom  ,  2 beds  
103,Apartment in Hurghada,$64 ,New,4 guests  ,  1 bedroom  ,  1 bed  
104,Vacation home in Port Said,$115 ,New,5 guests  ,  2 bedrooms  ,  5 beds  
105,Apartment in Port Said,$114 ,New,5 guests  ,  3 bedrooms  ,  5 beds  
106,Hotel room in Hurghada,$37 ,New,4 guests  ,  1 bedroom  ,  3 beds  
107,Apartment in Hurghada 1,$68 ,New,4 guests  ,  2 bedrooms  ,  2 beds  
108,Private room in Sharm El-Sheikh,$43 ,New,3 guests  ,  1 bedroom  ,  2 beds  
109,Condo in Qesm Sharm Ash Sheikh,$87 ,New,4 guests  ,  2 bedrooms  ,  3 beds  
110,Townhouse in Erban Atekah and Al Manayef,$121 ,New,6 guests  ,  3 bedrooms  ,  6 beds  
111,Apartment in Mohammed Mazhar,$182 ,4.95 (20),4 guests  ,  2 bedrooms  ,  2 beds  
112,Apartment in Abu Al Feda,$40 ,4.6 (35),3 guests  ,  Studio  ,  1 bed  
113,Apartment in Mohammed Mazhar,$158 ,4.97 (32),4 guests  ,  2 bedrooms  ,  2 beds  
114,Apartment in South Investors Area,$60 ,4.67 (3),3 guests  ,  1 bedroom  ,  2 beds  
115,Apartment in Abu Al Feda,$101 ,4.95 (41),3 guests  ,  2 bedrooms  ,  2 beds  
116,Apartment in Marouf,$46 ,4.88 (16),2 guests  ,  1 bedroom  ,  1 bed  
117,Apartment in Ad Doqi A,$97 ,4.8 (66),3 guests  ,  Studio  ,  2 beds  
118,Apartment in Abu Al Feda,$149 ,4.86 (22),4 guests  ,  2 bedrooms  ,  2 beds  
119,Private room in Al Eini,$35 ,4.92 (234),2 guests  ,  1 bedroom  ,  1 bed  
120,Apartment in Al Agouzah,$52 ,4.96 (115),2 guests  ,  1 bedroom  ,  1 bed  
121,Apartment in Ad Doqi A,$43 ,4.59 (34),2 guests  ,  Studio  ,  1 bed  
122,Villa in El Shorouk,$24 ,New,4 guests  ,  1 bedroom  ,  1 bed  
123,Condo in Sidi Gabir,$137 ,New,6 guests  ,  3 bedrooms  ,  4 beds  
124,Hotel room in Zamalek,$40 ,4.43 (116),3 guests  ,  1 bedroom  ,  2 beds  
125,Vacation home in Alexandria Governorate,$76 ,New,6 guests  ,  3 bedrooms  ,  5 beds  
126,Apartment in شرم الشيخ,$40 ,New,2 guests  ,  1 bedroom  ,  1 bed  
127,Apartment in Marouf,$46 ,4.76 (25),2 guests  ,  1 bedroom  ,  1 bed  
128,Apartment in EG,$71 ,4.62 (84),6 guests  ,  3 bedrooms  ,  4 beds  
129,"Villa in El Gouna,Hurghada",$130 ,4.98 (81),5 guests  ,  2 bedrooms  ,  2 beds  
130,Apartment in Hurghada 2,$15 ,4.69 (13),2 guests  ,  1 bedroom  ,  1 bed  
131,Apartment in Abu Al Feda,$46 ,4.68 (56),3 guests  ,  Studio  ,  2 beds  
132,Hotel room in Nazlet El-Semman,$72 ,4.57 (99),4 guests  ,  1 bedroom  ,  2 beds  
134,Hotel room in Zamalek,$45 ,4.39 (80),2 guests  ,  1 bedroom  ,  1 bed  
135,Casa particular in Cairo Governorate,$15 ,New,2 guests  ,  1 bedroom  ,  1 bed  
136,Condo in شرم الشيخ,$47 ,New,3 guests  ,  1 bedroom  ,  1 bed  
137,Villa in Sheikh Zayed City,$144 ,New,9 guests  ,  5 bedrooms  ,  8 beds  
138,Hotel room in Marouf,$62 ,5.0 (4),2 guests  ,  1 bedroom  ,  2 beds  
139,Apartment in Al Agouzah,$63 ,4.99 (92),4 guests  ,  2 bedrooms  ,  2 beds  
140,Apartment in Abu Al Feda,$149 ,4.86 (22),4 guests  ,  2 bedrooms  ,  2 beds  
141,Private room in Al Eini,$35 ,4.92 (234),2 guests  ,  1 bedroom  ,  1 bed  
142,Apartment in Al Agouzah,$52 ,4.96 (115),2 guests  ,  1 bedroom  ,  1 bed  
143,Apartment in Ad Doqi A,$43 ,4.59 (34),2 guests  ,  Studio  ,  1 bed  
144,Villa in El Shorouk,$24 ,New,4 guests  ,  1 bedroom  ,  1 bed  
145,Condo in Sidi Gabir,$137 ,New,6 guests  ,  3 bedrooms  ,  4 beds  
146,Hotel room in Zamalek,$40 ,4.43 (116),3 guests  ,  1 bedroom  ,  2 beds  
147,Apartment in El-Nozha,$32 ,4.75 (8),4 guests  ,  2 bedrooms  ,  1 bed  
148,Vacation home in Alexandria Governorate,$76 ,New,6 guests  ,  3 bedrooms  ,  5 beds  
150,Apartment in Marouf,$46 ,4.76 (25),2 guests  ,  1 bedroom  ,  1 bed  
151,Apartment in EG,$71 ,4.62 (84),6 guests  ,  3 bedrooms  ,  4 beds  
152,"Villa in El Gouna,Hurghada",$130 ,4.98 (81),5 guests  ,  2 bedrooms  ,  2 beds  
153,Apartment in Hurghada 2,$15 ,4.69 (13),2 guests  ,  1 bedroom  ,  1 bed  
154,Apartment in Abu Al Feda,$46 ,4.68 (56),3 guests  ,  Studio  ,  2 beds  
155,Hotel room in Nazlet El-Semman,$72 ,4.57 (99),4 guests  ,  1 bedroom  ,  2 beds  
158,Casa particular in Cairo Governorate,$15 ,New,2 guests  ,  1 bedroom  ,  1 bed  
159,Condo in شرم الشيخ,$47 ,New,3 guests  ,  1 bedroom  ,  1 bed  
160,Condo in شرم الشيخ,$47 ,New,3 guests  ,  1 bedroom  ,  1 bed  
161,Villa in Sheikh Zayed City,$144 ,New,9 guests  ,  5 bedrooms  ,  8 beds  
162,Hotel room in Marouf,$62 ,5.0 (4),2 guests  ,  1 bedroom  ,  2 beds  
163,Apartment in Al Agouzah,$63 ,4.99 (92),4 guests  ,  2 bedrooms  ,  2 beds  
164,Apartment in Madinaty,$65 ,5.0 (5),4 guests  ,  1 bedroom  ,  3 beds  
165,Apartment in Ad Doqi A,$41 ,4.7 (76),2 guests  ,  Studio  ,  1 bed  
166,Apartment in Qesm Sharm Ash Sheikh,$80 ,New,2 guests  ,  1 bedroom  ,  1 bed  
167,Apartment in Dahab,$86 ,4.7 (136),5 guests  ,  2 bedrooms  ,  4 beds  
168,Condo in El Shorouk City,$40 ,5.0 (20),2 guests  ,  1 bedroom  ,  1 bed  
169,Apartment in Abu Al Feda,$46 ,4.89 (27),2 guests  ,  Studio  ,  1 bath
170,Apartment in First New Cairo,$147 ,5.0 (23),10 guests  ,  4 bedrooms  ,  5 beds  
171,Private room in Abu Al Feda,$28 ,New,2 guests  ,  1 bedroom  ,  2 beds  
172,Apartment in Cairo,$65 ,4.82 (113),4 guests  ,  2 bedrooms  ,  3 beds  
173,Apartment in Marouf,$57 ,4.66 (32),3 guests  ,  1 bedroom  ,  2 beds  
174,Private room in Maadi as Sarayat Al Gharbeyah,$16 ,4.75 (20),2 guests  ,  1 bedroom  ,  1 bed  
175,Apartment in Ad Doqi A,$42 ,4.86 (29),3 guests  ,  Studio  ,  2 beds  
176,Condo in Al Manteqah Al Oula,$55 ,4.95 (43),2 guests  ,  Studio  ,  2 beds  
177,Apartment in Second New Cairo,$239 ,4.22 (9),10 guests  ,  5 bedrooms  ,  6 beds  
178,Condo in Marouf,$41 ,4.63 (8),4 guests  ,  2 bedrooms  ,  3 beds  
179,Apartment in New Cairo ,$81 ,4.94 (77),6 guests  ,  3 bedrooms  ,  4 beds  
180,Apartment in El Alamein,$274 ,New,6 guests  ,  3 bedrooms  ,  3.5 baths
181,Apartment in Ad Doqi A,$101 ,4.87 (30),3 guests  ,  Studio  ,  3 beds  
182,Hotel room in Marouf,$62 ,New,4 guests  ,  1 bedroom  ,  2 beds  
183,Condo in New Cairo 1,$20 ,New,2 guests  ,  1 bedroom  ,  2 beds  
184,Apartment in المطار,$17 ,5.0 (7),3 guests  ,  1 bedroom  ,  1 bed  
185,Hotel room in Zamalek,$40 ,4.59 (82),3 guests  ,  1 bedroom  ,  2 beds  
186,Apartment in New Cairo 1,$99 ,4.69 (16),4 guests  ,  2 bedrooms  ,  3 beds  
187,Private room in Al Rehab,$11 ,New,1 guest  ,  2 bedrooms  ,  1 bed  
188,Apartment in Zamalek,$57 ,4.42 (83),5 guests  ,  2 bedrooms  ,  3 beds  
189,Loft in First New Cairo,$44 ,5.0 (5),4 guests  ,  1 bedroom  ,  2 beds  
190,Apartment in Boulaq,$50 ,4.77 (101),3 guests  ,  1 bedroom  ,  2 beds  
191,Apartment in New Cairo 1,$141 ,4.17 (6),4 guests  ,  2 bedrooms  ,  3 beds  
192,Apartment in Abu Al Feda,$97 ,4.92 (24),5 guests  ,  2 bedrooms  ,  2 beds  
193,Apartment in Hurghada,$38 ,4.74 (23),2 guests  ,  Studio  ,  2 beds  
194,Apartment in اول القاهرة الجديدة,$148 ,4.62 (21),4 guests  ,  2 bedrooms  ,  3 beds  
195,Apartment in Maadi Al Khabiri Ash Sharqeyah,$54 ,New,4 guests  ,  1 bedroom  ,  1 bed  
196,Vacation home in New Cairo 1,$47 ,5.0 (9),4 guests  ,  2 bedrooms  ,  3 beds  
197,Vacation home in Dahab,$79 ,4.86 (21),5 guests  ,  2 bedrooms  ,  2 beds  
198,Apartment in ثانى القاهرة الجديدة,$60 ,4.87 (23),4 guests  ,  2 bedrooms  ,  3 beds  
199,Apartment in Abu Al Feda,$170 ,5.0 (3),6 guests  ,  3 bedrooms  ,  3 beds  
200,Condo in Cairo ,$193 ,4.98 (103),6 guests  ,  3 bedrooms  ,  4 beds  
201,Condo in Giza,$45 ,4.84 (172),2 guests  ,  1 bedroom  ,  2 beds  
202,Apartment in Dahab,$35 ,4.87 (76),3 guests  ,  1 bedroom  ,  2 beds  
203,Apartment in Ad Doqi A,$65 ,4.67 (129),2 guests  ,  Studio  ,  1 bed  
204,Apartment in Dahab,$57 ,5.0 (54),2 guests  ,  1 bedroom  ,  1 bed  
205,Private room in Ad Doqi A,$18 ,4.91 (203),2 guests  ,  1 bedroom  ,  1 bed  
206,Private room in Marouf,$17 ,4.79 (39),2 guests  ,  1 bedroom  ,  2 beds  
207,Loft in Ghait Al Enab Sharq,$11 ,New,5 guests  ,  2 bedrooms  ,  5 beds  
208,Private room in Downtown,$29 ,4.95 (20),3 guests  ,  1 bedroom  ,  2 beds  
209,Apartment in Al Matar,$56 ,4.86 (137),4 guests  ,  2 bedrooms  ,  6 beds  
210,Hotel room in Zamalek,$46 ,4.46 (71),3 guests  ,  1 bedroom  ,  1 bed  
211,Apartment in Maadi ,$43 ,4.26 (69),8 guests  ,  2 bedrooms  ,  3 beds  
212,Private room in El Alamein,$13 ,New,5 guests  ,  2 bedrooms  ,  1 bed  
213,Place to stay in قسم سانت كاترين,$48 ,4.91 (32),4 guests  ,  2 bedrooms  ,  2 beds  
214,Chalet in Dahab,$34 ,4.41 (39),2 guests  ,  1 bedroom  ,  1 bed  
215,Apartment in New Cairo 1,$132 ,4.83 (6),4 guests  ,  2 bedrooms  ,  3 beds  
216,Apartment in Abu Al Feda,$122 ,4.97 (33),6 guests  ,  2 bedrooms  ,  3 beds  
217,Condo in Maadi as Sarayat Al Gharbeyah,$57 ,4.86 (21),2 guests  ,  1 bedroom  ,  2 beds  
218,Apartment in Maadi as Sarayat Al Gharbeyah,$53 ,4.5 (14),5 guests  ,  2 bedrooms  ,  2 beds  
219,Home in Dahab,$29 ,New,2 guests  ,  1 bedroom  ,  1 bed  
220,Apartment in Abu Al Feda,$52 ,4.53 (66),3 guests  ,  1 bedroom  ,  2 beds  
221,Apartment in New cairo,$95 ,4.9 (29),3 guests  ,  2 bedrooms  ,  2 beds  
222,Apartment in العصلة,$36 ,4.96 (28),3 guests  ,  1 bedroom  ,  1 bed  
223,Apartment in Dahab,$39 ,5.0 (19),3 guests  ,  1 bedroom  ,  2 beds  
224,Apartment in Abu Al Feda,$46 ,4.92 (25),3 guests  ,  Studio  ,  1 bed  
225,Apartment in Zamalek ,$123 ,4.86 (168),4 guests  ,  1 bedroom  ,  2 beds  
226,Apartment in Red Sea Governorate,$80 ,5.0 (5),5 guests  ,  2 bedrooms  ,  2 beds  
227,Apartment in Qesm Sharm Ash Sheikh,$23 ,New,3 guests  ,  1 bedroom  ,  1 bed  
228,Condo in EG,$147 ,New,8 guests  ,  3 bedrooms  ,  5 beds  
229,Apartment in El-Zawya El-Hamraa,$40 ,New,2 guests  ,  1 bedroom  ,  1 bed  
230,Apartment in As Soyouf Bahri,$53 ,New,6 guests  ,  3 bedrooms  ,  6 beds  
231,Apartment in Cairo Governorate,$47 ,4.87 (47),4 guests  ,  2 bedrooms  ,  6 beds  
232,Vacation home in New Cairo City,$70 ,5.0 (15),7 guests  ,  3 bedrooms  ,  4 beds  
233,Condo in Cairo,$53 ,5.0 (5),2 guests  ,  1 bedroom  ,  2 beds  
234,Apartment in Hurghada,$46 ,5.0 (8),2 guests  ,  1 bedroom  ,  1 bed  
235,Place to stay in Dahab,$63 ,4.9 (20),3 guests  ,  2 beds  ,  1 bath
236,Hotel room in Nazlet El-Semman,$72 ,4.42 (43),4 guests  ,  1 bedroom  ,  1 bed  
237,Condo in Dahab,$99 ,5.0 (23),7 guests  ,  3 bedrooms  ,  5 beds  
238,Apartment in Hurghada 1,$35 ,New,2 guests  ,  1 bedroom  ,  1 bed  
239,Apartment in Ad Doqi A,$59 ,4.77 (22),4 guests  ,  Studio  ,  3 beds  
240,Apartment in Ad Doqi A,$59 ,4.77 (22),4 guests  ,  Studio  ,  3 beds  
241,Apartment in Al Agouzah,$40 ,5.0 (4),4 guests  ,  2 bedrooms  ,  2 beds  
242,Apartment in Abu Al Feda,$43 ,4.6 (184),4 guests  ,  1 bedroom  ,  1 bed  
243,Apartment in Madinaty,$50 ,4.83 (6),4 guests  ,  2 bedrooms  ,  3 beds  
244,Apartment in Abu Al Feda,$46 ,4.38 (48),3 guests  ,  1 bedroom  ,  1 bed  
245,Apartment in First Hurghada,$36 ,4.89 (45),4 guests  ,  1 bedroom  ,  3 beds  
246,Condo in Second New Cairo,$128 ,4.89 (28),4 guests  ,  1 bedroom  ,  2 beds  
247,Vacation home in ،العلمين,$479 ,New,8 guests  ,  4 bedrooms  ,  7 beds  
248,Private room in Maadi as Sarayat Al Gharbeyah,$21 ,New,1 guest  ,  3 bedrooms  ,  1 bed  
249,Apartment in Second New Cairo,$42 ,4.69 (32),6 guests  ,  3 bedrooms  ,  4 beds  
250,Apartment in قسم سانت كاترين,$38 ,4.93 (15),4 guests  ,  2 bedrooms  ,  3 beds  
251,Apartment in New Cairo 1,$166 ,4.9 (21),4 guests  ,  2 bedrooms  ,  3 beds  
252,Private room in Al Ganzouri,$11 ,New,1 guest  ,  1 bedroom  ,  1 bed  
253,Apartment in First New Cairo,$166 ,4.7 (30),6 guests  ,  3 bedrooms  ,  4 beds  
254,Apartment in New Cairo 1,$132 ,New,4 guests  ,  2 bedrooms  ,  3 beds  
255,Apartment in Cairo Governorate,$65 ,4.92 (13),2 guests  ,  2 bedrooms  ,  2 beds  
256,Apartment in Marouf,$42 ,4.63 (16),4 guests  ,  2 bedrooms  ,  1 bed  
257,Condo in Sharm El Sheikh,$213 ,4.98 (58),5 guests  ,  2 bedrooms  ,  4 beds  
258,Apartment in Hurghada 1,$37 ,4.43 (7),2 guests  ,  1 bedroom  ,  1 bed  
259,Condo in Second New Cairo,$44 ,New,4 guests  ,  2 bedrooms  ,  1 bed  
260,Private room in As Soyouf Bahri,$9 ,New,1 guest  ,  1 bedroom  ,  2 beds  
261,Private room in El-Nozha,$20 ,4.87 (46),2 guests  ,  1 bedroom  ,  2 beds  
262,Apartment in Cairo Governorate,$34 ,4.78 (61),4 guests  ,  2 bedrooms  ,  3 beds  
263,Apartment in Al Gazirah Al Gadidah,$69 ,4.9 (10),4 guests  ,  2 bedrooms  ,  3 beds  
264,Chalet in Dahab,$30 ,4.64 (14),3 guests  ,  Studio  ,  2 beds  
265,Apartment in Maadi as Sarayat Al Gharbeyah,$41 ,4.94 (16),2 guests  ,  1 bedroom  ,  1 bed  
266,Apartment in القاهرة الجديدة,$31 ,New,5 guests  ,  2 bedrooms  ,  2 beds  
267,Vacation home in Kafr Tohormos,$12 ,New,4 guests  ,  3 bedrooms  ,  1 bed  
268,Apartment in Al Hay Al Asher,$40 ,New,2 guests  ,  1 bedroom  ,  1 bed  
269,Loft in Port al-Basal,$41 ,New,3 guests  ,  1 bedroom  ,  1 bed  
270,Apartment in New Cairo City,$62 ,New,2 guests  ,  1 bedroom  ,  1 bed  
271,Private room in El Alamein,$69 ,New,3 guests  ,  1 bedroom  ,  1 bed  
272,Home in Red Sea Governorate,$168 ,New,7 guests  ,  3 bedrooms  ,  4 beds  
273,Apartment in New Cairo City,$102 ,New,9 guests  ,  3 bedrooms  ,  3 beds  
274,Condo in Qesm Hurghada,$93 ,4.96 (51),6 guests  ,  3 bedrooms  ,  5 beds  
275,Condo in New Cairo City,$55 ,4.79 (14),6 guests  ,  3 bedrooms  ,  3 beds  
276,Apartment in New Cairo,$135 ,4.67 (21),4 guests  ,  2 bedrooms  ,  3 beds  
277,Apartment in Dahab,$35 ,4.93 (43),3 guests  ,  1 bedroom  ,  1 bed  
278,Apartment in Al Abageyah,$20 ,5.0 (10),4 guests  ,  2 bedrooms  ,  2 beds  
279,Private room in Ad Doqi A,$17 ,4.89 (76),2 guests  ,  1 bedroom  ,  1 bed  
280,Apartment in Maadi as Sarayat Al Gharbeyah,$70 ,New,5 guests  ,  2 bedrooms  ,  3 beds  
281,Condo in Al Matar,$95 ,4.74 (38),8 guests  ,  3 bedrooms  ,  4 beds  
282,Vacation home in Dahab,$46 ,New,5 guests  ,  2 bedrooms  ,  2 beds  
283,Private room in Sidi Beshr Bahri,$30 ,New,2 guests  ,  2 bedrooms  ,  2 beds  
284,Apartment in El Alamein,$685 ,New,3 guests  ,  1 bedroom  ,  1 bed  
285,Chalet in Qesm Marina,$342 ,New,6 guests  ,  3 bedrooms  ,  7 beds  
286,Apartment in New Cairo,$77 ,4.98 (50),6 guests  ,  3 bedrooms  ,  4 beds  
287,Apartment in Ad Doqi A,$36 ,4.84 (43),3 guests  ,  2 bedrooms  ,  3 beds  
288,Chalet in Dahab,$38 ,4.92 (39),3 guests  ,  1 bedroom  ,  2 beds  
289,Apartment in معادي السرايات الغربية,$55 ,4.92 (24),3 guests  ,  1 bedroom  ,  2 beds  
290,Apartment in Village,$34 ,5.0 (19),2 guests  ,  1 bedroom  ,  1 bed  
291,Apartment in Maadi as Sarayat Al Gharbeyah,$71 ,4.88 (113),4 guests  ,  2 bedrooms  ,  2 beds  
292,Apartment in Hurghada,$20 ,4.9 (21),3 guests  ,  1 bedroom  ,  1 bed  
293,Apartment in Dahab,$34 ,4.77 (140),4 guests  ,  1 bedroom  ,  3 beds  
294,Home in South Sinai Governorate,$46 ,4.82 (17),7 guests  ,  3 bedrooms  ,  6 beds  
295,Apartment in El-Bostan,$74 ,4.7 (27),4 guests  ,  2 bedrooms  ,  3 beds  
296,Townhouse in Al Sheikh Zayed,$55 ,4.83 (60),4 guests  ,  2 bedrooms  ,  3 beds  
297,Apartment in Maadi as Sarayat Al Gharbeyah,$92 ,4.67 (3),6 guests  ,  3 bedrooms  ,  3 beds  
298,Condo in Zamalek,$75 ,4.59 (56),6 guests  ,  3 bedrooms  ,  5 beds  
299,Apartment in Maadi as Sarayat Al Gharbeyah,$57 ,New,2 guests  ,  1 bedroom  ,  2 beds  
300,Apartment in Ad Doqi A,$36 ,4.84 (43),3 guests  ,  2 bedrooms  ,  3 beds  
301,Chalet in Dahab,$38 ,4.92 (39),3 guests  ,  1 bedroom  ,  2 beds  
302,Apartment in معادي السرايات الغربية,$55 ,4.92 (24),3 guests  ,  1 bedroom  ,  2 beds  
303,Apartment in Village,$34 ,5.0 (19),2 guests  ,  1 bedroom  ,  1 bed  
304,Apartment in Maadi as Sarayat Al Gharbeyah,$71 ,4.88 (113),4 guests  ,  2 bedrooms  ,  2 beds  
305,Apartment in Hurghada,$20 ,4.9 (21),3 guests  ,  1 bedroom  ,  1 bed  
306,Apartment in Dahab,$34 ,4.77 (140),4 guests  ,  1 bedroom  ,  3 beds  
307,Home in South Sinai Governorate,$46 ,4.82 (17),7 guests  ,  3 bedrooms  ,  6 beds  
308,Apartment in El-Bostan,$74 ,4.7 (27),4 guests  ,  2 bedrooms  ,  3 beds  
309,Townhouse in Al Sheikh Zayed,$55 ,4.83 (60),4 guests  ,  2 bedrooms  ,  3 beds  
310,Apartment in Maadi as Sarayat Al Gharbeyah,$92 ,4.67 (3),6 guests  ,  3 bedrooms  ,  3 beds  
311,Condo in Zamalek,$75 ,4.59 (56),6 guests  ,  3 bedrooms  ,  5 beds  
312,Apartment in Maadi as Sarayat Al Gharbeyah,$57 ,New,2 guests  ,  1 bedroom  ,  2 beds  
313,Private room in Ad Doqi A,$18 ,4.9 (29),2 guests  ,  1 bedroom  ,  1 bed  
314,Condo in Sheraton Al Matar,"$2,282 ",New,4 guests  ,  1 bedroom  ,  1 bed  
315,Condo in Maadi as Sarayat Al Gharbeyah,$68 ,New,4 guests  ,  3 bedrooms  ,  3 beds  
316,Apartment in Al Manteqah Ath Thamenah,$46 ,4.7 (44),5 guests  ,  3 bedrooms  ,  5 beds  
317,Apartment in Dahab,$40 ,4.83 (120),4 guests  ,  Studio  ,  3 beds  
318,Apartment in Cairo Governorate,$41 ,4.84 (108),2 guests  ,  1 bedroom  ,  1 bed  
319,Loft in Dahab,$63 ,4.38 (13),3 guests  ,  1 bedroom  ,  2 beds  
320,Apartment in Al Maadi,$83 ,4.69 (48),3 guests  ,  1 bedroom  ,  1 bed  
321,Private room in First New Cairo,$29 ,4.88 (8),1 guest  ,  1 bedroom  ,  1 bed  
322,Apartment in Dahab,$32 ,4.88 (60),3 guests  ,  1 bedroom  ,  2 beds  
323,Apartment in New,$109 ,New,4 guests  ,  3 bedrooms  ,  3 beds  
324,Apartment in Hurghada,$36 ,4.9 (39),4 guests  ,  1 bedroom  ,  3 beds  
325,Apartment in New Maadi ,$131 ,5.0 (16),4 guests  ,  3 bedrooms  ,  3 beds  
326,Private room in Cairo - Zamalek,$41 ,4.78 (91),2 guests  ,  1 bedroom  ,  3 beds  
327,Apartment in Maadi as Sarayat Al Gharbeyah,$57 ,4.83 (110),2 guests  ,  1 bedroom  ,  1 bed  
328,Apartment in Sheikh Zayed City,$98 ,4.93 (14),5 guests  ,  2 bedrooms  ,  4 beds  
329,Apartment in Nasr City,$22 ,4.2 (6),4 guests  ,  2 bedrooms  ,  4 beds  
330,Private room in Al Matar,$29 ,New,2 guests  ,  1 bedroom  ,  1 bed  
333,Private room in Ad Doqi A,$18 ,4.93 (46),2 guests  ,  1 bedroom  ,  1 bed  
334,Apartment in Ard el golf,$80 ,4.89 (54),7 guests  ,  2 bedrooms  ,  4 beds  
335,Apartment in Dahab,$28 ,New,3 guests  ,  2 bedrooms  ,  2 beds  
336,Apartment in Mohandessin,$67 ,4.88 (48),3 guests  ,  2 bedrooms  ,  2 beds  
337,Apartment in Sheikh Zayed,$104 ,4.9 (31),8 guests  ,  4 bedrooms  ,  4 beds  
338,Apartment in Sheikh Zayed City,$63 ,5.0 (4),4 guests  ,  1 bedroom  ,  4 beds  
339,Apartment in South Sinai Governorate,$34 ,4.73 (15),4 guests  ,  2 bedrooms  ,  3 beds  
340,Condo in San Stefano,$77 ,New,4 guests  ,  2 bedrooms  ,  3 beds  
341,Apartment in قسم سانت كاترين,$29 ,New,2 guests  ,  1 bedroom  ,  1 bed  
342,Apartment in Al Maadi,$83 ,4.69 (48),3 guests  ,  1 bedroom  ,  1 bed  
343,Private room in First New Cairo,$29 ,4.88 (8),1 guest  ,  1 bedroom  ,  1 bed  
344,Apartment in Dahab,$32 ,4.88 (60),3 guests  ,  1 bedroom  ,  2 beds  
345,Home in Dahab,$57 ,5.0 (17),4 guests  ,  2 bedrooms  ,  2 beds  
346,Apartment in New,$109 ,New,4 guests  ,  3 bedrooms  ,  3 beds  
347,Apartment in Hurghada,$36 ,4.9 (39),4 guests  ,  1 bedroom  ,  3 beds  
348,Apartment in New Maadi ,$131 ,5.0 (16),4 guests  ,  3 bedrooms  ,  3 beds  
349,Private room in Cairo - Zamalek,$41 ,4.78 (91),2 guests  ,  1 bedroom  ,  3 beds  
350,Apartment in Maadi as Sarayat Al Gharbeyah,$57 ,4.83 (110),2 guests  ,  1 bedroom  ,  1 bed  
351,Apartment in Sheikh Zayed City,$98 ,4.93 (14),5 guests  ,  2 bedrooms  ,  4 beds  
352,Apartment in Cairo,$97 ,4.84 (37),4 guests  ,  2 bedrooms  ,  2 beds  
353,Private room in Al Matar,$29 ,New,2 guests  ,  1 bedroom  ,  1 bed  
358,Apartment in Mohandessin,$67 ,4.88 (48),3 guests  ,  2 bedrooms  ,  2 beds  
359,Apartment in Sheikh Zayed,$104 ,4.9 (31),8 guests  ,  4 bedrooms  ,  4 beds  
360,Apartment in Ad Doqi A,$36 ,4.84 (43),3 guests  ,  2 bedrooms  ,  3 beds  
361,Chalet in Dahab,$38 ,4.92 (39),3 guests  ,  1 bedroom  ,  2 beds  
363,Apartment in Village,$34 ,5.0 (19),2 guests  ,  1 bedroom  ,  1 bed  
364,Apartment in Maadi as Sarayat Al Gharbeyah,$71 ,4.88 (113),4 guests  ,  2 bedrooms  ,  2 beds  
366,Apartment in Dahab,$34 ,4.77 (140),4 guests  ,  1 bedroom  ,  3 beds  
367,Home in South Sinai Governorate,$46 ,4.82 (17),7 guests  ,  3 bedrooms  ,  6 beds  
368,Apartment in El-Bostan,$74 ,4.7 (27),4 guests  ,  2 bedrooms  ,  3 beds  
369,Townhouse in Al Sheikh Zayed,$55 ,4.83 (60),4 guests  ,  2 bedrooms  ,  3 beds  
370,Apartment in Maadi as Sarayat Al Gharbeyah,$92 ,4.67 (3),6 guests  ,  3 bedrooms  ,  3 beds  
371,Condo in Zamalek,$75 ,4.59 (56),6 guests  ,  3 bedrooms  ,  5 beds  
372,Apartment in Maadi as Sarayat Al Gharbeyah,$57 ,New,2 guests  ,  1 bedroom  ,  2 beds  
373,Private room in Ad Doqi A,$18 ,4.9 (29),2 guests  ,  1 bedroom  ,  1 bed  
374,Condo in Sheraton Al Matar,"$2,282 ",New,4 guests  ,  1 bedroom  ,  1 bed  
375,Condo in Maadi as Sarayat Al Gharbeyah,$68 ,New,4 guests  ,  3 bedrooms  ,  3 beds  
376,Apartment in Al Manteqah Ath Thamenah,$46 ,4.7 (44),5 guests  ,  3 bedrooms  ,  5 beds  
377,Apartment in Dahab,$40 ,4.83 (120),4 guests  ,  Studio  ,  3 beds  
378,Apartment in Cairo Governorate,$41 ,4.84 (108),2 guests  ,  1 bedroom  ,  1 bed  
379,Loft in Dahab,$63 ,4.38 (13),3 guests  ,  1 bedroom  ,  2 beds  
380,Apartment in Dahab,$35 ,New,4 guests  ,  1 bedroom  ,  2 beds  
381,Condo in San Stefano,$77 ,New,4 guests  ,  2 bedrooms  ,  3 beds  
382,Apartment in قسم سانت كاترين,$29 ,New,2 guests  ,  1 bedroom  ,  1 bed  
383,Apartment in Al Maadi,$83 ,4.69 (48),3 guests  ,  1 bedroom  ,  1 bed  
384,Private room in First New Cairo,$29 ,4.88 (8),1 guest  ,  1 bedroom  ,  1 bed  
385,Apartment in Dahab,$32 ,4.88 (60),3 guests  ,  1 bedroom  ,  2 beds  
386,Home in Dahab,$57 ,5.0 (17),4 guests  ,  2 bedrooms  ,  2 beds  
387,Apartment in New,$109 ,New,4 guests  ,  3 bedrooms  ,  3 beds  
388,Apartment in Hurghada,$36 ,4.9 (39),4 guests  ,  1 bedroom  ,  3 beds  
389,Apartment in New Maadi ,$131 ,5.0 (16),4 guests  ,  3 bedrooms  ,  3 beds  
390,Private room in Cairo - Zamalek,$41 ,4.78 (91),2 guests  ,  1 bedroom  ,  3 beds  
391,Apartment in Maadi as Sarayat Al Gharbeyah,$57 ,4.83 (110),2 guests  ,  1 bedroom  ,  1 bed  
392,Apartment in Sheikh Zayed City,$98 ,4.93 (14),5 guests  ,  2 bedrooms  ,  4 beds  
393,Apartment in Cairo,$97 ,4.84 (37),4 guests  ,  2 bedrooms  ,  2 beds  
394,Private room in Al Matar,$29 ,New,2 guests  ,  1 bedroom  ,  1 bed  
395,Apartment in مرسى مطروح،,$272 ,New,3 guests  ,  1 bedroom  ,  1 bed  
396,Condo in مساكن المهندسين,$46 ,New,4 guests  ,  2 bedrooms  ,  4 beds  
397,Apartment in South Sinai Governorate,$63 ,4.77 (39),6 guests  ,  2 bedrooms  ,  4 beds  
398,Private room in Ad Doqi A,$18 ,4.93 (46),2 guests  ,  1 bedroom  ,  1 bed  
399,Apartment in Dahab,$28 ,New,3 guests  ,  2 bedrooms  ,  2 beds  
400,Chalet in Qesm Marina,$342 ,New,6 guests  ,  3 bedrooms  ,  7 beds  
401,Apartment in New Cairo,$77 ,4.98 (50),6 guests  ,  3 bedrooms  ,  4 beds  
402,Apartment in Ad Doqi A,$36 ,4.84 (43),3 guests  ,  2 bedrooms  ,  3 beds  
403,Chalet in Dahab,$38 ,4.92 (39),3 guests  ,  1 bedroom  ,  2 beds  
404,Apartment in معادي السرايات الغربية,$55 ,4.92 (24),3 guests  ,  1 bedroom  ,  2 beds  
405,Apartment in Village,$34 ,5.0 (19),2 guests  ,  1 bedroom  ,  1 bed  
406,Apartment in Maadi as Sarayat Al Gharbeyah,$71 ,4.88 (113),4 guests  ,  2 bedrooms  ,  2 beds  
407,Apartment in Hurghada,$20 ,4.9 (21),3 guests  ,  1 bedroom  ,  1 bed  
408,Apartment in Dahab,$34 ,4.77 (140),4 guests  ,  1 bedroom  ,  3 beds  
409,Home in South Sinai Governorate,$46 ,4.82 (17),7 guests  ,  3 bedrooms  ,  6 beds  
410,Apartment in El-Bostan,$74 ,4.7 (27),4 guests  ,  2 bedrooms  ,  3 beds  
411,Townhouse in Al Sheikh Zayed,$55 ,4.83 (60),4 guests  ,  2 bedrooms  ,  3 beds  
412,Apartment in Maadi as Sarayat Al Gharbeyah,$92 ,4.67 (3),6 guests  ,  3 bedrooms  ,  3 beds  
413,Condo in Zamalek,$75 ,4.59 (56),6 guests  ,  3 bedrooms  ,  5 beds  
414,Apartment in Maadi as Sarayat Al Gharbeyah,$57 ,New,2 guests  ,  1 bedroom  ,  2 beds  
415,Private room in Ad Doqi A,$18 ,4.9 (29),2 guests  ,  1 bedroom  ,  1 bed  
416,Condo in Sheraton Al Matar,"$2,282 ",New,4 guests  ,  1 bedroom  ,  1 bed  
417,Condo in Maadi as Sarayat Al Gharbeyah,$68 ,New,4 guests  ,  3 bedrooms  ,  3 beds  
418,Apartment in Al Manteqah Ath Thamenah,$46 ,4.7 (44),5 guests  ,  3 bedrooms  ,  5 beds  
419,Apartment in Dahab,$40 ,4.83 (120),4 guests  ,  Studio  ,  3 beds  
420,Chalet in Qesm Marina,$342 ,New,6 guests  ,  3 bedrooms  ,  7 beds  
421,Apartment in New Cairo,$77 ,4.98 (50),6 guests  ,  3 bedrooms  ,  4 beds  
422,Apartment in Ad Doqi A,$36 ,4.84 (43),3 guests  ,  2 bedrooms  ,  3 beds  
423,Chalet in Dahab,$38 ,4.92 (39),3 guests  ,  1 bedroom  ,  2 beds  
426,Apartment in Maadi as Sarayat Al Gharbeyah,$71 ,4.88 (113),4 guests  ,  2 bedrooms  ,  2 beds  
427,Apartment in Hurghada,$20 ,4.9 (21),3 guests  ,  1 bedroom  ,  1 bed  
428,Apartment in Dahab,$34 ,4.77 (140),4 guests  ,  1 bedroom  ,  3 beds  
430,Apartment in El-Bostan,$74 ,4.7 (27),4 guests  ,  2 bedrooms  ,  3 beds  
431,Townhouse in Al Sheikh Zayed,$55 ,4.83 (60),4 guests  ,  2 bedrooms  ,  3 beds  
432,Apartment in Maadi as Sarayat Al Gharbeyah,$92 ,4.67 (3),6 guests  ,  3 bedrooms  ,  3 beds  
433,Condo in Zamalek,$75 ,4.59 (56),6 guests  ,  3 bedrooms  ,  5 beds  
434,Apartment in Maadi as Sarayat Al Gharbeyah,$57 ,New,2 guests  ,  1 bedroom  ,  2 beds  
435,Private room in Ad Doqi A,$18 ,4.9 (29),2 guests  ,  1 bedroom  ,  1 bed  
436,Condo in Sheraton Al Matar,"$2,282 ",New,4 guests  ,  1 bedroom  ,  1 bed  
437,Condo in Maadi as Sarayat Al Gharbeyah,$68 ,New,4 guests  ,  3 bedrooms  ,  3 beds  
438,Apartment in Al Manteqah Ath Thamenah,$46 ,4.7 (44),5 guests  ,  3 bedrooms  ,  5 beds  
439,Apartment in Dahab,$40 ,4.83 (120),4 guests  ,  Studio  ,  3 beds  
440,Apartment in Al Maadi,$83 ,4.69 (48),3 guests  ,  1 bedroom  ,  1 bed  
441,Private room in First New Cairo,$29 ,4.88 (8),1 guest  ,  1 bedroom  ,  1 bed  
442,Apartment in Dahab,$32 ,4.88 (60),3 guests  ,  1 bedroom  ,  2 beds  
443,Home in Dahab,$57 ,5.0 (17),4 guests  ,  2 bedrooms  ,  2 beds  
444,Apartment in New,$109 ,New,4 guests  ,  3 bedrooms  ,  3 beds  
445,Apartment in Hurghada,$36 ,4.9 (39),4 guests  ,  1 bedroom  ,  3 beds  
446,Apartment in New Maadi ,$131 ,5.0 (16),4 guests  ,  3 bedrooms  ,  3 beds  
447,Private room in Cairo - Zamalek,$41 ,4.78 (91),2 guests  ,  1 bedroom  ,  3 beds  
448,Apartment in Maadi as Sarayat Al Gharbeyah,$57 ,4.83 (110),2 guests  ,  1 bedroom  ,  1 bed  
449,Apartment in Sheikh Zayed City,$98 ,4.93 (14),5 guests  ,  2 bedrooms  ,  4 beds  
450,Apartment in Cairo,$97 ,4.84 (37),4 guests  ,  2 bedrooms  ,  2 beds  
451,Private room in Al Matar,$29 ,New,2 guests  ,  1 bedroom  ,  1 bed  
454,Apartment in South Sinai Governorate,$63 ,4.77 (39),6 guests  ,  2 bedrooms  ,  4 beds  
455,Private room in Ad Doqi A,$18 ,4.93 (46),2 guests  ,  1 bedroom  ,  1 bed  
456,Apartment in Dahab,$28 ,New,3 guests  ,  2 bedrooms  ,  2 beds  
457,Apartment in Mohandessin,$67 ,4.88 (48),3 guests  ,  2 bedrooms  ,  2 beds  
458,Apartment in Sheikh Zayed,$104 ,4.9 (31),8 guests  ,  4 bedrooms  ,  4 beds  
459,Apartment in Sheikh Zayed City,$63 ,5.0 (4),4 guests  ,  1 bedroom  ,  4 beds  
460,Chalet in Qesm Marina,$342 ,New,6 guests  ,  3 bedrooms  ,  7 beds  
461,Apartment in New Cairo,$77 ,4.98 (50),6 guests  ,  3 bedrooms  ,  4 beds  
462,Apartment in Ad Doqi A,$36 ,4.84 (43),3 guests  ,  2 bedrooms  ,  3 beds  
463,Chalet in Dahab,$38 ,4.92 (39),3 guests  ,  1 bedroom  ,  2 beds  
465,Apartment in Village,$34 ,5.0 (19),2 guests  ,  1 bedroom  ,  1 bed  
466,Apartment in Maadi as Sarayat Al Gharbeyah,$71 ,4.88 (113),4 guests  ,  2 bedrooms  ,  2 beds  
467,Apartment in Hurghada,$20 ,4.9 (21),3 guests  ,  1 bedroom  ,  1 bed  
468,Apartment in Dahab,$34 ,4.77 (140),4 guests  ,  1 bedroom  ,  3 beds  
469,Home in South Sinai Governorate,$46 ,4.82 (17),7 guests  ,  3 bedrooms  ,  6 beds  
470,Apartment in El-Bostan,$74 ,4.7 (27),4 guests  ,  2 bedrooms  ,  3 beds  
471,Apartment in Maadi as Sarayat Al Gharbeyah,$92 ,4.67 (3),6 guests  ,  3 bedrooms  ,  3 beds  
472,Condo in Zamalek,$75 ,4.59 (56),6 guests  ,  3 bedrooms  ,  5 beds  
473,Apartment in Maadi as Sarayat Al Gharbeyah,$57 ,New,2 guests  ,  1 bedroom  ,  2 beds  
474,Private room in Ad Doqi A,$18 ,4.9 (29),2 guests  ,  1 bedroom  ,  1 bed  
475,Condo in Sheraton Al Matar,"$2,282 ",New,4 guests  ,  1 bedroom  ,  1 bed  
476,Condo in Maadi as Sarayat Al Gharbeyah,$68 ,New,4 guests  ,  3 bedrooms  ,  3 beds  
477,Apartment in Al Manteqah Ath Thamenah,$46 ,4.7 (44),5 guests  ,  3 bedrooms  ,  5 beds  
478,Apartment in Dahab,$40 ,4.83 (120),4 guests  ,  Studio  ,  3 beds  
479,Apartment in Cairo Governorate,$41 ,4.84 (108),2 guests  ,  1 bedroom  ,  1 bed  
480,Chalet in Qesm Marina,$342 ,New,6 guests  ,  3 bedrooms  ,  7 beds  
481,Apartment in New Cairo,$77 ,4.98 (50),6 guests  ,  3 bedrooms  ,  4 beds  
482,Apartment in Ad Doqi A,$36 ,4.84 (43),3 guests  ,  2 bedrooms  ,  3 beds  
483,Chalet in Dahab,$38 ,4.92 (39),3 guests  ,  1 bedroom  ,  2 beds  
485,Apartment in Village,$34 ,5.0 (19),2 guests  ,  1 bedroom  ,  1 bed  
486,Apartment in Maadi as Sarayat Al Gharbeyah,$71 ,4.88 (113),4 guests  ,  2 bedrooms  ,  2 beds  
487,Apartment in Hurghada,$20 ,4.9 (21),3 guests  ,  1 bedroom  ,  1 bed  
488,Apartment in Dahab,$34 ,4.77 (140),4 guests  ,  1 bedroom  ,  3 beds  
489,Home in South Sinai Governorate,$46 ,4.82 (17),7 guests  ,  3 bedrooms  ,  6 beds  
490,Apartment in El-Bostan,$74 ,4.7 (27),4 guests  ,  2 bedrooms  ,  3 beds  
491,Townhouse in Al Sheikh Zayed,$55 ,4.83 (60),4 guests  ,  2 bedrooms  ,  3 beds  
492,Apartment in Maadi as Sarayat Al Gharbeyah,$92 ,4.67 (3),6 guests  ,  3 bedrooms  ,  3 beds  
493,Condo in Zamalek,$75 ,4.59 (56),6 guests  ,  3 bedrooms  ,  5 beds  
494,Apartment in Maadi as Sarayat Al Gharbeyah,$57 ,New,2 guests  ,  1 bedroom  ,  2 beds  
495,Private room in Ad Doqi A,$18 ,4.9 (29),2 guests  ,  1 bedroom  ,  1 bed  
496,Condo in Sheraton Al Matar,"$2,282 ",New,4 guests  ,  1 bedroom  ,  1 bed  
497,Condo in Maadi as Sarayat Al Gharbeyah,$68 ,New,4 guests  ,  3 bedrooms  ,  3 beds  
498,Apartment in Al Manteqah Ath Thamenah,$46 ,4.7 (44),5 guests  ,  3 bedrooms  ,  5 beds  
499,Apartment in Dahab,$40 ,4.83 (120),4 guests  ,  Studio  ,  3 beds  
500,Private room in Ad Doqi A,$18 ,4.85 (48),2 guests  ,  1 bedroom  ,  1 bed  
501,Apartment in Madinaty,$66 ,4.57 (56),5 guests  ,  2 bedrooms  ,  3 beds  
502,Apartment in Maadi Al Khabiri Al Gharbeyah,$52 ,New,6 guests  ,  2 bedrooms  ,  4 beds  
503,Private room in Agouza,$34 ,5.0 (9),2 guests  ,  1 bedroom  ,  1 bed  
504,Apartment in Dahab,$35 ,New,4 guests  ,  1 bedroom  ,  2 beds  
505,Condo in San Stefano,$77 ,New,4 guests  ,  2 bedrooms  ,  3 beds  
506,Apartment in قسم سانت كاترين,$29 ,New,2 guests  ,  1 bedroom  ,  1 bed  
507,Apartment in Al Maadi,$83 ,4.69 (48),3 guests  ,  1 bedroom  ,  1 bed  
508,Private room in First New Cairo,$29 ,4.88 (8),1 guest  ,  1 bedroom  ,  1 bed  
509,Apartment in Dahab,$32 ,4.88 (60),3 guests  ,  1 bedroom  ,  2 beds  
510,Home in Dahab,$57 ,5.0 (17),4 guests  ,  2 bedrooms  ,  2 beds  
511,Apartment in New,$109 ,New,4 guests  ,  3 bedrooms  ,  3 beds  
512,Apartment in Qesm Saint Katrin,$51 ,4.92 (76),2 guests  ,  1 bedroom  ,  1 bed  
513,Apartment in Hurghada,$36 ,4.9 (39),4 guests  ,  1 bedroom  ,  3 beds  
514,Apartment in New Maadi ,$131 ,5.0 (16),4 guests  ,  3 bedrooms  ,  3 beds  
515,Private room in Cairo - Zamalek,$41 ,4.78 (91),2 guests  ,  1 bedroom  ,  3 beds  
516,Apartment in Maadi as Sarayat Al Gharbeyah,$57 ,4.83 (110),2 guests  ,  1 bedroom  ,  1 bed  
517,Apartment in Nasr City,$22 ,4.2 (6),4 guests  ,  2 bedrooms  ,  4 beds  
520,Apartment in New Cairo,$77 ,4.98 (50),6 guests  ,  3 bedrooms  ,  4 beds  
521,Apartment in Ad Doqi A,$36 ,4.84 (43),3 guests  ,  2 bedrooms  ,  3 beds  
522,Chalet in Dahab,$38 ,4.92 (39),3 guests  ,  1 bedroom  ,  2 beds  
524,Apartment in Village,$34 ,5.0 (19),2 guests  ,  1 bedroom  ,  1 bed  
525,Apartment in Maadi as Sarayat Al Gharbeyah,$71 ,4.88 (113),4 guests  ,  2 bedrooms  ,  2 beds  
526,Apartment in Hurghada,$20 ,4.9 (21),3 guests  ,  1 bedroom  ,  1 bed  
527,Apartment in Dahab,$34 ,4.77 (140),4 guests  ,  1 bedroom  ,  3 beds  
528,Home in South Sinai Governorate,$46 ,4.82 (17),7 guests  ,  3 bedrooms  ,  6 beds  
529,Apartment in El-Bostan,$74 ,4.7 (27),4 guests  ,  2 bedrooms  ,  3 beds  
530,Townhouse in Al Sheikh Zayed,$55 ,4.83 (60),4 guests  ,  2 bedrooms  ,  3 beds  
531,Apartment in Maadi as Sarayat Al Gharbeyah,$92 ,4.67 (3),6 guests  ,  3 bedrooms  ,  3 beds  
532,Condo in Zamalek,$75 ,4.59 (56),6 guests  ,  3 bedrooms  ,  5 beds  
533,Apartment in Maadi as Sarayat Al Gharbeyah,$57 ,New,2 guests  ,  1 bedroom  ,  2 beds  
534,Private room in Ad Doqi A,$18 ,4.9 (29),2 guests  ,  1 bedroom  ,  1 bed  
535,Condo in Sheraton Al Matar,"$2,282 ",New,4 guests  ,  1 bedroom  ,  1 bed  
536,Condo in Maadi as Sarayat Al Gharbeyah,$68 ,New,4 guests  ,  3 bedrooms  ,  3 beds  
537,Apartment in Al Manteqah Ath Thamenah,$46 ,4.7 (44),5 guests  ,  3 bedrooms  ,  5 beds  
538,Apartment in Dahab,$40 ,4.83 (120),4 guests  ,  Studio  ,  3 beds  
539,Apartment in Cairo Governorate,$41 ,4.84 (108),2 guests  ,  1 bedroom  ,  1 bed  
540,Chalet in Qesm Marina,$342 ,New,6 guests  ,  3 bedrooms  ,  7 beds  
541,Apartment in New Cairo,$77 ,4.98 (50),6 guests  ,  3 bedrooms  ,  4 beds  
542,Apartment in Ad Doqi A,$36 ,4.84 (43),3 guests  ,  2 bedrooms  ,  3 beds  
543,Chalet in Dahab,$38 ,4.92 (39),3 guests  ,  1 bedroom  ,  2 beds  
545,Apartment in Village,$34 ,5.0 (19),2 guests  ,  1 bedroom  ,  1 bed  
546,Apartment in Maadi as Sarayat Al Gharbeyah,$71 ,4.88 (113),4 guests  ,  2 bedrooms  ,  2 beds  
547,Apartment in Hurghada,$20 ,4.9 (21),3 guests  ,  1 bedroom  ,  1 bed  
548,Apartment in Dahab,$34 ,4.77 (140),4 guests  ,  1 bedroom  ,  3 beds  
549,Home in South Sinai Governorate,$46 ,4.82 (17),7 guests  ,  3 bedrooms  ,  6 beds  
550,Apartment in El-Bostan,$74 ,4.7 (27),4 guests  ,  2 bedrooms  ,  3 beds  
551,Townhouse in Al Sheikh Zayed,$55 ,4.83 (60),4 guests  ,  2 bedrooms  ,  3 beds  
552,Apartment in Maadi as Sarayat Al Gharbeyah,$92 ,4.67 (3),6 guests  ,  3 bedrooms  ,  3 beds  
553,Condo in Zamalek,$75 ,4.59 (56),6 guests  ,  3 bedrooms  ,  5 beds  
554,Apartment in Maadi as Sarayat Al Gharbeyah,$57 ,New,2 guests  ,  1 bedroom  ,  2 beds  
555,Private room in Ad Doqi A,$18 ,4.9 (29),2 guests  ,  1 bedroom  ,  1 bed  
556,Condo in Sheraton Al Matar,"$2,282 ",New,4 guests  ,  1 bedroom  ,  1 bed  
557,Condo in Maadi as Sarayat Al Gharbeyah,$68 ,New,4 guests  ,  3 bedrooms  ,  3 beds  
558,Apartment in Al Manteqah Ath Thamenah,$46 ,4.7 (44),5 guests  ,  3 bedrooms  ,  5 beds  
559,Apartment in Dahab,$40 ,4.83 (120),4 guests  ,  Studio  ,  3 beds  
560,Private room in Ad Doqi A,$17 ,4.89 (76),2 guests  ,  1 bedroom  ,  1 bed  
561,Private room in Ad Doqi A,$18 ,4.85 (48),2 guests  ,  1 bedroom  ,  1 bed  
562,Apartment in Madinaty,$66 ,4.57 (56),5 guests  ,  2 bedrooms  ,  3 beds  
563,Apartment in Maadi Al Khabiri Al Gharbeyah,$52 ,New,6 guests  ,  2 bedrooms  ,  4 beds  
564,Private room in Agouza,$34 ,5.0 (9),2 guests  ,  1 bedroom  ,  1 bed  
565,Apartment in Dahab,$35 ,New,4 guests  ,  1 bedroom  ,  2 beds  
566,Condo in San Stefano,$77 ,New,4 guests  ,  2 bedrooms  ,  3 beds  
568,Apartment in Al Maadi,$83 ,4.69 (48),3 guests  ,  1 bedroom  ,  1 bed  
569,Private room in First New Cairo,$29 ,4.88 (8),1 guest  ,  1 bedroom  ,  1 bed  
570,Apartment in Dahab,$32 ,4.88 (60),3 guests  ,  1 bedroom  ,  2 beds  
571,Home in Dahab,$57 ,5.0 (17),4 guests  ,  2 bedrooms  ,  2 beds  
572,Apartment in New,$109 ,New,4 guests  ,  3 bedrooms  ,  3 beds  
573,Apartment in Qesm Saint Katrin,$51 ,4.92 (76),2 guests  ,  1 bedroom  ,  1 bed  
574,Apartment in Hurghada,$36 ,4.9 (39),4 guests  ,  1 bedroom  ,  3 beds  
575,Apartment in New Maadi ,$131 ,5.0 (16),4 guests  ,  3 bedrooms  ,  3 beds  
576,Private room in Cairo - Zamalek,$41 ,4.78 (91),2 guests  ,  1 bedroom  ,  3 beds  
577,Apartment in Maadi as Sarayat Al Gharbeyah,$57 ,4.83 (110),2 guests  ,  1 bedroom  ,  1 bed  
578,Apartment in Nasr City,$22 ,4.2 (6),4 guests  ,  2 bedrooms  ,  4 beds  
581,Apartment in Al Maadi,$83 ,4.69 (48),3 guests  ,  1 bedroom  ,  1 bed  
582,Private room in First New Cairo,$29 ,4.88 (8),1 guest  ,  1 bedroom  ,  1 bed  
583,Apartment in Dahab,$32 ,4.88 (60),3 guests  ,  1 bedroom  ,  2 beds  
584,Home in Dahab,$57 ,5.0 (17),4 guests  ,  2 bedrooms  ,  2 beds  
585,Apartment in New,$109 ,New,4 guests  ,  3 bedrooms  ,  3 beds  
586,Apartment in Hurghada,$36 ,4.9 (39),4 guests  ,  1 bedroom  ,  3 beds  
587,Apartment in New Maadi ,$131 ,5.0 (16),4 guests  ,  3 bedrooms  ,  3 beds  
588,Private room in Cairo - Zamalek,$41 ,4.78 (91),2 guests  ,  1 bedroom  ,  3 beds  
589,Apartment in Maadi as Sarayat Al Gharbeyah,$57 ,4.83 (110),2 guests  ,  1 bedroom  ,  1 bed  
590,Apartment in Sheikh Zayed City,$98 ,4.93 (14),5 guests  ,  2 bedrooms  ,  4 beds  
591,Apartment in Cairo,$97 ,4.84 (37),4 guests  ,  2 bedrooms  ,  2 beds  
592,Private room in Al Matar,$29 ,New,2 guests  ,  1 bedroom  ,  1 bed  
595,Apartment in South Sinai Governorate,$63 ,4.77 (39),6 guests  ,  2 bedrooms  ,  4 beds  
596,Private room in Ad Doqi A,$18 ,4.93 (46),2 guests  ,  1 bedroom  ,  1 bed  
597,Apartment in Dahab,$28 ,New,3 guests  ,  2 bedrooms  ,  2 beds  
598,Apartment in Mohandessin,$67 ,4.88 (48),3 guests  ,  2 bedrooms  ,  2 beds  
599,Apartment in Sheikh Zayed,$104 ,4.9 (31),8 guests  ,  4 bedrooms  ,  4 beds  
600,Apartment in Dahab,$35 ,New,4 guests  ,  1 bedroom  ,  2 beds  
601,Condo in San Stefano,$77 ,New,4 guests  ,  2 bedrooms  ,  3 beds  
603,Apartment in Al Maadi,$83 ,4.69 (48),3 guests  ,  1 bedroom  ,  1 bed  
604,Private room in First New Cairo,$29 ,4.88 (8),1 guest  ,  1 bedroom  ,  1 bed  
605,Apartment in Dahab,$32 ,4.88 (60),3 guests  ,  1 bedroom  ,  2 beds  
606,Home in Dahab,$57 ,5.0 (17),4 guests  ,  2 bedrooms  ,  2 beds  
607,Apartment in New,$109 ,New,4 guests  ,  3 bedrooms  ,  3 beds  
608,Apartment in Hurghada,$36 ,4.9 (39),4 guests  ,  1 bedroom  ,  3 beds  
609,Apartment in New Maadi ,$131 ,5.0 (16),4 guests  ,  3 bedrooms  ,  3 beds  
610,Private room in Cairo - Zamalek,$41 ,4.78 (91),2 guests  ,  1 bedroom  ,  3 beds  
611,Apartment in Maadi as Sarayat Al Gharbeyah,$57 ,4.83 (110),2 guests  ,  1 bedroom  ,  1 bed  
612,Apartment in Sheikh Zayed City,$98 ,4.93 (14),5 guests  ,  2 bedrooms  ,  4 beds  
613,Apartment in Cairo,$97 ,4.84 (37),4 guests  ,  2 bedrooms  ,  2 beds  
614,Private room in Al Matar,$29 ,New,2 guests  ,  1 bedroom  ,  1 bed  
617,Private room in Ad Doqi A,$18 ,4.93 (46),2 guests  ,  1 bedroom  ,  1 bed  
618,Apartment in Dahab,$28 ,New,3 guests  ,  2 bedrooms  ,  2 beds  
619,Apartment in Mohandessin,$67 ,4.88 (48),3 guests  ,  2 bedrooms  ,  2 beds  
